index,steps,rules,atoms,variables,sccs,t_solve_list,t_ground_list,t_parse_list,mem_start_bytes_list,mem_solve_bytes_list,ground_file_bytes_list
-1,18,519373,320900,33308,0,0s;0.003s;0.01s;0.026s;0.029s;0.047s;0.059s;0.071s;0.092s;0.107s;0.114s;0.14s;0.148s;0.171s;0.183s;0.191s;0.197s;0.224s;0.409s,0.012s;0.066s;0.084s;0.133s;0.151s;0.19s;0.25s;0.27s;0.361s;0.372s;0.368s;0.46s;0.521s;0.518s;0.597s;0.596s;0.684s;0.723s;0.728s,0s;0.001s;0s;0s;0s;0s;0s;0s;0s;0s;0.005s;0s;0.001s;0s;0s;0s;0s;0s;0s,23683072;24231936;24883200;27553792;26288128;26980352;27672576;30355456;31137792;31879168;32620544;33361920;34099200;34844672;35618816;36397056;37183488;37961728;36769792,23932928;24252416;24903680;25612288;26308608;26996736;27693056;30355456;31137792;31879168;32620544;33361920;34099200;34848768;35618816;36401152;37183488;37961728;40161280,286398;957470;1678340;2399210;3120080;3840950;4614521;5430197;6199502;6968806;7743102;8517398;9291694;10087079;10898380;11709681;12520982;13332283;14143584
1,18,1,-1,-1,-1,0.005s;0.005s;0.057s;0.116s;0.163s;0.211s;0.257s;0.313s;0.34s;0.41s;0.485s;0.537s;0.579s;0.627s;0.713s;0.792s;0.776s;0.805s;-1,0.017s;0.113s;0.199s;0.314s;0.377s;0.486s;0.575s;0.687s;0.814s;0.919s;1.011s;1.186s;1.271s;1.394s;1.465s;1.745s;1.677s;1.742s;-1,0s;0s;0.005s;0s;0.003s;0s;0s;0s;0s;0s;0.002s;0s;0s;0s;0s;0s;0.001s;0s;-1,23719936;24375296;25894912;27521024;29270016;31141888;32772096;34709504;36421632;38354944;40071168;42008576;43675648;45572096;47239168;49127424;50855936;52756480;-1,23973888;24391680;25911296;27537408;29286400;31141888;32788480;34709504;36433920;38359040;40083456;42008576;43692032;45572096;47251456;49135616;50880512;52756480;-1,447046;2042341;3740662;5558135;7396258;9215472;11116492;13017512;14918532;16819552;18722217;20580650;22439083;24297516;26155949;28014382;29872815;31731248;-1
-2,34,995397,611421,23805,0,0s;0.003s;0.015s;0.018s;0.026s;0.032s;0.045s;0.048s;0.055s;0.052s;0.058s;0.066s;0.093s;0.107s;0.116s;0.11s;0.19s;0.19s;0.2s;0.209s;0.213s;0.232s;0.248s;0.259s;0.255s;0.267s;0.254s;0.252s;0.284s;0.277s;0.32s;0.316s;0.35s;0.382s;0.769s,0.011s;0.053s;0.077s;0.115s;0.17s;0.207s;0.253s;0.287s;0.329s;0.376s;0.409s;0.474s;0.572s;0.534s;0.61s;0.642s;0.701s;0.836s;0.855s;0.833s;0.878s;0.964s;1.076s;1.091s;1.078s;1.171s;1.226s;1.318s;1.292s;1.337s;1.345s;1.41s;1.448s;1.532s;1.588s,0s;0s;0s;0s;0s;0s;0s;0s;0s;0s;0s;0s;0s;0s;0s;0s;0s;0s;0s;0s;0s;0s;0s;0.001s;0s;0s;0s;0.001s;0s;0s;0s;0s;0s;0.002s;0s,24068096;24936448;24997888;25698304;26394624;27107328;27807744;28590080;29368320;30126080;30875648;31637504;32391168;33153024;33939456;34721792;35520512;36315136;37154816;37953536;38748160;39546880;40345600;41140224;41934848;42729472;43511808;44281856;45056000;45813760;46551040;47321088;48095232;48873472;49643520,24072192;24956928;25014272;25718784;26411008;27123712;27824128;28598272;29392896;30130176;30896128;31641600;32411648;33157120;33959936;34742272;35536896;36372480;37171200;37965824;38768640;39563264;40361984;41152512;41951232;42745856;43528192;44294144;45072384;45842432;46571520;47341568;48111616;48885760;71077888,300237;986447;1722755;2459063;3195371;3931679;4744033;5559263;6344990;7130716;7921533;8712350;9503167;10326998;11155600;11984202;12812804;13641406;14470008;15298610;16127212;16955814;17784416;18613018;19441620;20253200;21059128;21865056;22670984;23476912;24282840;25088768;25894696;26700624;27506552
2,28,1,-1,-1,-1,0s;0.005s;0.046s;0.092s;0.126s;0.178s;0.231s;0.268s;0.314s;0.371s;0.454s;0.471s;0.529s;0.592s;0.618s;0.67s;0.711s;0.776s;0.797s;0.841s;0.886s;0.924s;1.012s;1.018s;1.086s;1.162s;1.227s;1.18s;-1,0.015s;0.091s;0.197s;0.249s;0.334s;0.421s;0.536s;0.641s;0.691s;0.794s;0.92s;1.161s;1.129s;1.262s;1.376s;1.477s;1.635s;1.625s;1.766s;1.804s;1.876s;1.935s;2.117s;2.168s;2.231s;2.363s;2.329s;2.401s;-1,0s;0s;0s;0s;0s;0s;0.001s;0s;0s;0s;0.001s;0s;0.001s;0s;0s;0s;0s;0s;0s;0s;0s;0s;0s;0.005s;0s;0s;0s;0s;-1,24010752;24416256;25825280;27451392;29057024;30584832;32309248;33865728;35676160;37257216;39067648;40660992;42463232;44003328;45776896;47321088;49090560;50638848;52408320;53948416;55721984;57262080;59031552;60579840;62312448;63971328;65515520;67284992;-1,24035328;24440832;25849856;27451392;29057024;30605312;32309248;33886208;35676160;37277696;39067648;40681472;42463232;44027904;45776896;47341568;49090560;50659328;52408320;53968896;55721984;57282560;59031552;60563456;62312448;63975424;65531904;67284992;-1,425480;1910246;3490939;5169469;6880317;8566095;10309803;12079167;13848531;15617895;17397809;19158325;20888085;22617845;24347605;26077365;27807125;29536885;31266645;32996405;34726165;36455925;38185685;39915445;41645205;43374965;45104725;46866873;-1
3,49,1,-1,-1,-1,0s;0.007s;0.051s;0.112s;0.152s;0.233s;0.266s;0.33s;0.368s;0.417s;0.454s;0.542s;0.589s;0.588s;0.675s;0.702s;0.811s;0.849s;0.888s;1.015s;0.966s;1.013s;1.121s;1.142s;1.151s;1.205s;1.31s;1.315s;1.418s;1.408s;1.658s;1.469s;1.497s;1.617s;1.595s;1.608s;1.699s;1.686s;1.723s;1.765s;1.829s;2.008s;1.985s;1.924s;1.952s;1.974s;2.005s;2.019s;2.27s;-1,0.015s;0.122s;0.186s;0.285s;0.413s;0.451s;0.558s;0.669s;0.726s;0.904s;0.972s;1.052s;1.277s;1.299s;1.395s;1.545s;1.699s;1.828s;1.746s;1.83s;1.907s;1.987s;2.131s;2.138s;2.334s;2.313s;2.375s;2.531s;2.62s;2.669s;2.657s;2.655s;2.73s;2.814s;2.818s;2.916s;3.033s;3.094s;3.201s;3.242s;3.346s;3.475s;3.655s;3.587s;3.654s;3.828s;3.826s;3.828s;4.323s;-1,0s;0s;0s;0s;0s;0s;0s;0s;0s;0s;0s;0.005s;0s;0s;0s;0s;0s;0s;0s;0s;0.002s;0s;0s;0s;0.002s;0s;0s;0s;0.001s;0s;0s;0s;0s;0s;0s;0s;0s;0s;0s;0s;0s;0.005s;0s;0.001s;0s;0s;0s;0s;0s;-1,24068096;24481792;25952256;29433856;29179904;32792576;32538624;36200448;36032512;39706624;39538688;43220992;43024384;46657536;46448640;50081792;49872896;53506048;53297152;56930304;56721408;60354560;60145664;63774720;63565824;67198976;66990080;70656000;70590464;74657792;76742656;76636160;80367616;80257024;83992576;83881984;87617536;87511040;91242496;91131904;94871552;94765056;98476032;100651008;100552704;104292352;104194048;107933696;107835392;-1,24088576;24502272;25972736;29433856;29196288;32792576;32555008;36200448;36048896;39706624;39555072;43220992;43040768;46657536;46465024;50081792;49889280;53506048;53313536;56930304;56737792;60354560;60162048;63774720;63582208;67198976;67006464;70656000;70606848;74731520;76742656;76652544;80367616;80273408;83992576;83902464;87617536;87527424;91242496;91148288;94871552;94781440;98476032;100651008;100569088;104292352;104210432;107933696;107851776;-1,434969;1969438;3603107;5344251;7112438;8854708;10672893;12501569;14330245;16158921;17998498;19798787;21586518;23374249;25161980;26949711;28737442;30525173;32312904;34100635;35888366;37676097;39463828;41251559;43039290;44827021;46642449;48572781;50797321;52884459;54772153;56659847;58547541;60435234;62322928;64210622;66098315;67986009;69873703;71761397;73649091;75536785;77787317;79683650;81579983;83476316;85372648;87268981;89165314;-1
4,21,1351548,818568,66055,0,0s;0s;0.064s;0.109s;0.14s;0.181s;0.215s;0.276s;0.346s;0.354s;0.419s;0.471s;0.514s;0.6s;0.658s;0.671s;0.752s;0.8s;0.832s;0.85s;0.937s;1.809s,0.015s;0.113s;0.172s;0.296s;0.343s;0.498s;0.551s;0.651s;0.691s;0.869s;0.924s;1.061s;1.217s;1.253s;1.379s;1.441s;1.543s;1.691s;1.745s;1.757s;1.86s;1.963s,0.001s;0s;0s;0s;0s;0s;0s;0.001s;0s;0s;0s;0s;0s;0s;0.009s;0s;0s;0s;0s;0s;0s;0s,24199168;24584192;26017792;27553792;31109120;30851072;34410496;34193408;37838848;37642240;41283584;41099264;44724224;44486656;48091136;47853568;51458048;51220480;54824960;54587392;58187776;57950208,24207360;24600576;26038272;27570176;31109120;30867456;34410496;34209792;37838848;37658624;41283584;41115648;44724224;44503040;48091136;47869952;51458048;51236864;54824960;54603776;58187776;131239936,429999;1938807;3545123;5253982;6992584;8705701;10485553;12283636;14081719;15879802;17688606;19468274;21226096;22983918;24741740;26499562;28257384;30015206;31773028;33530850;35288672;37046494
5,12,751100,457512,23296,0,0.001s;0s;0.038s;0.092s;0.098s;0.131s;0.171s;0.239s;0.246s;0.31s;0.346s;0.377s;0.618s,0.019s;0.098s;0.165s;0.251s;0.386s;0.467s;0.555s;0.609s;0.692s;0.838s;0.893s;1.025s;1.138s,0s;0s;0s;0.001s;0s;0s;0.016s;0s;0s;0s;0s;0s;0s,24518656;24612864;26009600;27496448;29073408;30683136;32268288;33902592;35569664;37236736;38903808;40583168;42254336,24518656;24633344;26030080;27512832;29089792;30699520;32284672;33918976;35586048;37253120;38920192;40599552;42717184,420492;1880549;3435051;5082624;6765125;8422983;10129680;11869703;13609726;15349749;17100152;18841213;20542314
6,10,659461,402418,21836,0,0s;0s;0.048s;0.088s;0.124s;0.204s;0.228s;0.288s;0.333s;0.378s;0.668s,0.015s;0.092s;0.208s;0.262s;0.4s;0.492s;0.586s;0.666s;0.885s;0.846s;1.018s,0s;0s;0s;0s;0s;0s;0s;0s;0s;0s;0s,24252416;24633344;26099712;27660288;29327360;31019008;32686080;34430976;36184064;37937152;39690240,24260608;24653824;26120192;27676672;29343744;31035392;32702464;34447360;36200448;37953536;68198400,435364;1970374;3604469;5346098;7114737;8857447;10676357;12505513;14334669;16163825;18003881
7,23,1,-1,-1,-1,0s;0.016s;0.047s;0.07s;0.11s;0.154s;0.173s;0.212s;0.271s;0.307s;0.334s;0.376s;0.421s;0.472s;0.513s;0.507s;0.567s;0.662s;0.658s;0.698s;0.739s;0.784s;0.819s;-1,0.021s;0.098s;0.161s;0.288s;0.334s;0.441s;0.58s;0.642s;0.735s;0.915s;1.021s;1.054s;1.161s;1.321s;1.387s;1.428s;1.741s;1.644s;1.728s;1.797s;1.94s;1.974s;2.075s;-1,0s;0.001s;0s;0s;0.004s;0s;0s;0s;0s;0s;0s;0s;0s;0s;0s;0s;0s;0.014s;0s;0s;0s;0s;0s;-1,24285184;24662016;26112000;27652096;29290496;30961664;32604160;34336768;36065280;37793792;39522304;41263104;42971136;44658688;46346240;48037888;49725440;51412992;53100544;54788096;56479744;58167296;59854848;-1,24301568;24690688;26140672;27676672;29315072;30986240;32628736;34361344;36089856;37818368;39546880;41287680;42995712;44683264;46370816;48062464;49750016;51437568;53125120;54812672;56504320;58191872;59879424;-1,431077;1944565;3555843;5270486;7014422;8732801;10519445;12323030;14126615;15930200;17744536;19528044;21291254;23054464;24817674;26580884;28344094;30107304;31870514;33633724;35396934;37160144;38923354;-1
8,19,1203630,729687,70852,0,0s;0.016s;0.049s;0.084s;0.155s;0.174s;0.238s;0.271s;0.339s;0.346s;0.387s;0.471s;0.507s;0.531s;0.597s;0.65s;0.728s;0.764s;0.786s;13.662s,0.017s;0.112s;0.195s;0.257s;0.378s;0.432s;0.567s;0.667s;0.728s;0.836s;0.929s;1.099s;1.179s;1.298s;1.371s;1.368s;1.553s;1.601s;1.746s;1.792s,0s;0s;0s;0s;0s;0s;0s;0s;0s;0s;0s;0s;0s;0s;0.012s;0s;0s;0s;0s;0s,24309760;24682496;26099712;27611136;29216768;30851072;32464896;34136064;35831808;37527552;39223296;40927232;45252608;44273664;45928448;50221056;49242112;50896896;55189504;54210560,24317952;24702976;26120192;27627520;29233152;30867456;32481280;34152448;35848192;37543936;39239680;40943616;45252608;44290048;45944832;50221056;49258496;50913280;55189504;965742592,425392;1909985;3490593;5168965;6879697;8565370;10308693;12077912;13847131;15616350;17396119;19156802;20886441;22616080;24345719;26075358;27804997;29534636;31264275;32993914
9,29,1912597,1155767,142458,0,0.001s;0.016s;0.046s;0.079s;0.113s;0.138s;0.159s;0.205s;0.283s;0.307s;0.32s;0.416s;0.416s;0.504s;0.553s;0.59s;0.629s;0.676s;0.753s;0.852s;0.859s;0.905s;1.066s;1.039s;1.096s;1.115s;1.185s;1.344s;1.325s;7.114s,0.028s;0.153s;0.216s;0.376s;0.476s;0.585s;0.706s;0.79s;1.006s;1.13s;1.238s;1.309s;1.386s;1.616s;1.754s;2.02s;1.899s;2.024s;2.207s;2.321s;2.38s;2.57s;2.722s;2.741s;3.002s;2.959s;3.052s;3.034s;3.214s;3.28s,0s;0s;0s;0s;0s;0s;0s;0s;0s;0s;0s;0s;0s;0s;0s;0s;0s;0s;0s;0s;0s;0s;0s;0s;0s;0s;0s;0s;0s;0s,25317376;25653248;27238400;28667904;30314496;31973376;33611776;35332096;37068800;38801408;40525824;42266624;43962368;45654016;47333376;49041408;50733056;52424704;54124544;57143296;58871808;60600320;62328832;64057344;65785856;67514368;69246976;71012352;72990720;75165696,25325568;25665536;27107328;28667904;30314496;31973376;33611776;35332096;37068800;38801408;40525824;42266624;43962368;45654016;47333376;49041408;50733056;52424704;54099968;55828480;57556992;59285504;61014016;62742528;64471040;66199552;67932160;69697536;71675904;259522560,438293;1987843;3637358;5397183;7182498;8941638;10782219;12628625;14475031;16321437;18178843;19990847;21795891;23600935;25405979;27211023;29016067;30821111;32626155;34431199;36236243;38041287;39846331;41651375;43456419;45261463;47103901;49157668;51404473;53415376
10,16,1065869,646852,41120,0,0s;0.015s;0.027s;0.056s;0.051s;0.077s;0.11s;0.097s;0.146s;0.175s;0.216s;0.239s;0.252s;0.342s;0.343s;0.353s;1.529s,0.018s;0.122s;0.238s;0.388s;0.479s;0.633s;0.713s;0.843s;0.98s;1.174s;1.285s;1.381s;1.444s;1.716s;1.759s;1.911s;2.053s,0s;0s;0s;0s;0.001s;0s;0s;0.006s;0s;0.001s;0s;0s;0s;0.002s;0s;0s;0s,25067520;25329664;26783744;30687232;30060544;31780864;33472512;35250176;37031936;38809600;40591360;42385408;47460352;49201152;50937856;52678656;54419456,25067520;25341952;26796032;28372992;30072832;31793152;33484800;35262464;37044224;38821888;40603648;42397696;47460352;49201152;50937856;52678656;83529728,439819;1998861;3658684;5430689;7227159;8997299;10852160;12710086;14568012;16425938;18294936;20114908;21931232;23747556;25563880;27380204;29196528
11,32,1,-1,-1,-1,0.002s;0.041s;0.466s;0.902s;1.27s;1.711s;2.219s;2.484s;3.016s;3.486s;3.911s;4.472s;4.905s;5.26s;6.18s;6.617s;6.964s;7.517s;6.038s;6.502s;6.99s;7.109s;7.358s;7.822s;8.278s;8.71s;9.012s;11.531s;12.17s;12.845s;13.415s;13.759s;-1,0.102s;0.651s;1.153s;1.817s;2.445s;2.873s;3.296s;3.643s;4.051s;4.557s;4.95s;5.285s;5.657s;6.046s;6.66s;7.032s;7.595s;7.93s;6.601s;7.237s;7.645s;7.755s;8.252s;8.738s;8.731s;9.311s;9.468s;10.461s;12.011s;12.405s;13.036s;13.909s;-1,0s;0s;0s;0s;0s;0s;0s;0s;0s;0s;0s;0s;0s;0s;0s;0s;0s;0s;0s;0s;0s;0s;0s;0s;0s;0s;0s;0s;0s;0s;0s;0.001s;-1,27185152;28934144;36290560;43364352;47030272;57303040;64270336;67940352;79097856;86474752;93851648;101629952;109084672;116543488;123998208;131645440;136151040;143962112;151773184;162889728;170700800;178511872;186322944;194134016;201945088;206450688;214261760;222072832;233172992;240775168;248373248;255971328;-1,27185152;26644480;36290560;43364352;47042560;57303040;64270336;67952640;79097856;86474752;93851648;101629952;109084672;116543488;123998208;131645440;136163328;143974400;151785472;162889728;170700800;178511872;186322944;194134016;201945088;206462976;214274048;222085120;233172992;240775168;248373248;255971328;-1,1842201;8492910;15880335;23159250;30438165;37717080;45001639;53166469;60854140;68541811;76627981;84395577;92163174;99930771;107886738;116008320;124129902;132251484;140373066;148494648;156616230;164737812;172859394;180980976;189102558;197224140;205345722;213453570;221362758;229271946;237181134;245090322;-1
12,28,1,-1,-1,-1,0s;0.03s;0.526s;1.065s;1.565s;2.044s;2.537s;3.111s;3.596s;4.113s;4.946s;5.244s;6.284s;8.175s;8.87s;7.553s;9.857s;10.015s;11.982s;11.456s;12.498s;13.85s;14.534s;16.092s;17.012s;17.087s;18.193s;18.043s;-1,0.09s;0.505s;0.979s;1.486s;1.838s;2.202s;2.608s;2.78s;3.165s;3.525s;3.893s;4.542s;5.072s;4.7s;5.536s;6.175s;6.525s;6.687s;6.689s;7.084s;7.425s;7.785s;8.296s;8.805s;9.04s;10.077s;10.793s;10.488s;-1,0s;0s;0s;0s;0s;0s;0s;0s;0s;0s;0s;0s;0s;0s;0.001s;0s;0s;0s;0s;0s;0s;0s;0s;0s;0s;0s;0.005s;0s;-1,28192768;29929472;36200448;39890944;46776320;53661696;63856640;70742016;78487552;85778432;93069312;100753408;104816640;112185344;119558144;130359296;138080256;145801216;153518080;161239040;168960000;173371392;181092352;188813312;199835648;207556608;215277568;222994432;-1,28192768;29929472;36200448;39903232;46788608;53673984;63856640;70742016;78487552;85778432;93069312;100753408;104828928;112197632;119570432;130359296;138080256;145801216;153518080;161239040;168960000;173383680;181104640;188825600;199835648;207556608;215277568;222994432;-1,1827934;8394244;15700891;22894636;30088381;37282126;44475871;52527939;60125680;67723421;75714985;83391719;91068454;98745189;106550473;114577033;122603593;130630153;138656713;146683273;154709833;162736393;170762953;178789513;186816073;194842633;202869193;210895753;-1
13,25,1,-1,-1,-1,0.004s;0.03s;0.629s;1.209s;2.038s;2.564s;3.116s;3.788s;4.335s;5.029s;6.139s;7.101s;8.189s;7.872s;10.683s;10.725s;12.818s;13.238s;15.528s;16.833s;17.534s;16.826s;18.679s;13.945s;14.386s;-1,0.091s;0.57s;1.03s;1.554s;2.123s;2.507s;2.917s;3.236s;3.465s;3.539s;4.213s;4.675s;4.787s;5.078s;5.324s;5.625s;6.114s;6.408s;6.615s;6.994s;8.107s;7.615s;8.14s;9.034s;8.749s;-1,0s;0s;0.005s;0s;0s;0s;0s;0s;0s;0s;0s;0s;0s;0s;0.009s;0s;0s;0.005s;0s;0s;0.001s;0s;0s;0s;0s;-1,28192768;29929472;36204544;43212800;50106368;56999936;63889408;67473408;75227136;82526208;93130752;100823040;108195840;115572736;122949632;130461696;134881280;142606336;150335488;161366016;169095168;176820224;184549376;192274432;199999488;-1,28192768;29929472;36204544;43212800;50106368;56999936;63889408;67485696;75239424;82538496;93130752;100823040;108195840;115572736;122949632;130461696;134893568;142618624;150347776;161366016;169095168;176820224;184549376;192274432;199999488;-1,1828806;8401492;15714504;22914896;30115288;37315680;44516072;52577398;60182164;67786930;75785862;83469694;91153527;98837360;106654027;114687985;122721943;130755901;138789859;146823817;154857775;162891733;170925691;178959649;186993607;-1
14,30,1,-1,-1,-1,0s;0.039s;0.408s;0.729s;1.104s;1.452s;1.838s;2.206s;2.576s;2.929s;3.193s;3.837s;4.348s;4.867s;5.714s;6.629s;7.182s;6.213s;7.108s;9.536s;9.92s;10.626s;11.429s;11.972s;11.969s;13.776s;14s;15.321s;16.618s;16.516s;-1,0.078s;0.538s;1.111s;1.492s;1.951s;2.407s;2.791s;2.935s;3.345s;3.659s;4.118s;4.717s;4.76s;5.06s;5.518s;6s;6.122s;6.665s;7.101s;7.206s;7.441s;7.969s;8.216s;9.202s;10.044s;9.834s;9.769s;10.397s;11.774s;11.938s;-1,0s;0s;0s;0s;0s;0s;0s;0.001s;0s;0s;0.001s;0s;0s;0s;0s;0s;0s;0s;0s;0s;0s;0s;0s;0.005s;0s;0s;0.002s;0.002s;0s;0s;-1,24911872;26644480;32960512;43307008;50241536;57176064;64110592;71045120;78860288;82898944;90238976;97976320;108699648;116121600;123543552;131125248;138899456;146673664;151146496;158916608;166690816;177766400;185540608;193314816;201084928;208859136;216633344;221106176;228876288;228446208;-1,24911872;26656768;32972800;43307008;50241536;57176064;64110592;71045120;78860288;82911232;90251264;97988608;108699648;116121600;123543552;131125248;138899456;146673664;151158784;158928896;166703104;177766400;185540608;193314816;201084928;208859136;216633344;221118464;220880896;228458496;-1,1836125;8451738;15805923;23049696;30293469;37537242;44781874;52902556;60553115;68203674;76250761;83980858;91710956;99441054;107334176;115416499;123498822;131581145;139663468;147745791;155828114;163910437;171992760;180075083;188157406;196239729;204322052;212404375;220290984;228161969;-1
15,30,1,-1,-1,-1,0s;0.035s;0.28s;0.55s;0.824s;1.025s;1.342s;1.634s;1.893s;2.279s;2.523s;2.83s;3.174s;3.535s;4.109s;4.855s;5.269s;6.004s;6.71s;7.4s;8.043s;8.847s;8.855s;9.583s;11.454s;11.702s;12.265s;13.305s;13.393s;16.332s;-1,0.104s;0.653s;1.154s;1.685s;2.103s;2.481s;2.82s;3.198s;3.508s;3.928s;4.371s;4.604s;4.9s;5.012s;5.217s;5.626s;5.945s;6.418s;7.045s;7.466s;7.706s;7.808s;8.174s;8.53s;12.101s;12.597s;10.252s;10.462s;10.852s;12.001s;-1,0s;0.005s;0s;0s;0s;0s;0s;0s;0s;0s;0s;0s;0s;0.001s;0s;0s;0s;0s;0s;0s;0s;0s;0s;0s;0s;0s;0s;0s;0s;0s;-1,20271104;18718720;28389376;35479552;42463232;49446912;56430592;63418368;67993600;75386880;82776064;93872128;101343232;108818432;116289536;123961344;131796992;136323072;144150528;151977984;163106816;170938368;178765824;186593280;194420736;202248192;206774272;214601728;222404608;233320448;-1,20271104;18731008;28389376;35479552;42463232;49446912;56430592;63418368;68005888;75399168;82788352;93872128;101343232;108818432;116289536;123969536;131796992;136335360;144162816;151990272;163106816;170938368;178765824;186593280;194420736;202248192;206786560;214614016;222416896;233320448;-1,1844627;8510578;15912802;23207272;30501742;37796212;45098418;53282779;60986877;68690975;76794408;84578601;92362795;100146989;108130172;116269091;124408010;132546929;140685848;148824767;156963686;165102605;173241524;181380443;189519362;197658281;205797200;213910085;221836166;229762247;-1
16,36,1,-1,-1,-1,0.002s;0.03s;0.362s;0.648s;0.973s;1.303s;1.656s;1.97s;2.356s;2.672s;2.968s;3.43s;3.962s;4.726s;5.472s;6.413s;6.91s;8.73s;7.728s;6.308s;6.813s;7.21s;7.525s;8.067s;8.361s;8.712s;9.109s;14.398s;15.188s;10.185s;10.709s;11.257s;11.669s;12.036s;12.888s;13.182s;-1,0.083s;0.494s;0.976s;1.522s;1.883s;2.253s;2.605s;2.888s;3.23s;3.547s;3.911s;4.32s;4.745s;4.947s;5.155s;5.659s;5.967s;8.497s;9.003s;7.132s;7.508s;7.93s;8.017s;8.472s;8.817s;9.249s;9.58s;9.913s;10.996s;11.155s;12.136s;11.952s;12.939s;12.344s;15.862s;13.95s;-1,0.001s;0s;0.005s;0s;0s;0s;0s;0s;0.005s;0s;0s;0s;0s;0s;0.002s;0s;0s;0s;0s;0s;0s;0s;0s;0s;0s;0s;0s;0s;0s;0s;0.001s;0s;0s;0s;0s;0s;-1,20353024;22114304;25206784;35635200;42655744;49676288;56692736;63725568;71647232;75776000;83206144;91041792;101855232;109367296;116887552;124624896;132493312;140361728;144928768;152797184;160669696;171839488;179707904;187576320;195444736;203313152;211181568;215748608;223559680;231215104;242171904;249827328;257478656;265134080;272793600;280457216;-1,20353024;22114304;25219072;35635200;42655744;49676288;56692736;63725568;71647232;75788288;83218432;91054080;101855232;109371392;116887552;124624896;132493312;140361728;144941056;152809472;160681984;171839488;179707904;187576320;195444736;203313152;211181568;215760896;223571968;231227392;242171904;249827328;257478656;265134080;272793600;280457216;-1,1851408;8555462;15993727;23326302;30658877;37991452;45336910;53569051;61313370;69057689;77203469;85028299;92853130;100677961;108729151;116910607;125092063;133273519;141454975;149636431;157817887;165999343;174180799;182362255;190543711;198725167;206906623;215030341;222997819;230965297;238932775;246900253;254867731;262835209;270802687;278770165;-1
17,24,1,-1,-1,-1,0.005s;0.034s;0.643s;1.223s;1.839s;2.495s;3.075s;3.611s;4.29s;4.918s;5.545s;7.4s;8.205s;9.096s;10.033s;10.802s;13.418s;14.053s;15.159s;16.37s;17.013s;18.578s;19.149s;19.989s;-1,0.085s;0.583s;1.06s;1.563s;2.021s;2.534s;2.825s;3.013s;3.38s;3.875s;4.421s;5.176s;5.104s;5.254s;6.092s;5.991s;6.574s;7.397s;7.587s;7.787s;7.623s;7.932s;8.543s;9.253s;-1,0s;0s;0s;0s;0s;0s;0s;0s;0s;0.005s;0.001s;0s;0.001s;0.001s;0s;0s;0s;0s;0s;0s;0s;0s;0s;0s;-1,17125376;22130688;25034752;31981568;38813696;48947200;55779328;62611456;70275072;77508608;84738048;89059328;96366592;103677952;114286592;121683968;129339392;136994816;144654336;152309760;156663808;164319232;171978752;182935552;-1,17125376;22130688;25047040;31993856;38825984;48947200;55779328;62611456;70275072;77508608;84738048;89071616;96378880;103690240;114286592;121683968;129339392;136994816;144654336;152309760;156676096;164331520;171991040;182935552;-1,1817704;8325235;15576135;22710959;29845783;36980607;44115431;52085521;59621047;67156573;75082629;82696502;90310375;97924248;105624335;113585093;121545851;129506609;137467367;145428125;153388883;161349641;169310399;177271157;-1
18,42,1,-1,-1,-1,0s;0.028s;0.171s;0.314s;0.467s;0.581s;0.743s;0.889s;1.115s;1.234s;1.477s;1.677s;1.836s;2.118s;2.344s;3.059s;3.49s;3.904s;4.522s;4.766s;4.122s;4.552s;4.808s;8.346s;8.807s;8.653s;5.934s;6.542s;6.858s;6.959s;7.355s;7.748s;8.228s;8.796s;9.036s;9.497s;9.854s;10.122s;10.625s;11.109s;11.406s;11.926s;-1,0.087s;0.558s;1.055s;1.587s;2.172s;2.668s;2.586s;3.055s;3.51s;3.549s;4.13s;4.464s;4.71s;5.265s;5.16s;5.938s;6.011s;6.663s;6.654s;7.293s;7.699s;8.048s;8.531s;10.681s;10.221s;11.077s;10.058s;10.944s;11.044s;11.552s;11.52s;12.033s;12.544s;12.985s;13.38s;13.937s;13.988s;13.992s;14.336s;14.728s;15.045s;15.662s;-1,0s;0s;0s;0s;0s;0.001s;0s;0.001s;0s;0s;0s;0s;0s;0s;0s;0s;0s;0s;0s;0s;0.002s;0s;0.006s;0s;0s;0s;0s;0.001s;0s;0s;0s;0.002s;0.001s;0s;0.002s;0s;0s;0.001s;0s;0.001s;0s;0.005s;-1,20443136;22175744;25112576;32088064;38948864;49111040;55967744;62828544;70537216;77799424;85061632;89415680;96759808;104099840;114741248;122191872;129884160;137572352;145260544;152952832;157339648;165031936;172720128;183713792;191401984;199090176;206782464;214470656;222162944;226418688;233902080;241381376;252162048;259645440;267124736;274608128;282095616;289574912;293756928;301240320;308723712;319508480;-1,20443136;22175744;25124864;32100352;38961152;49111040;55967744;62828544;70537216;77799424;85061632;89427968;96772096;104112128;114741248;122191872;129884160;137572352;145260544;152952832;157351936;165044224;172732416;183713792;191401984;199090176;206782464;214470656;222162944;226430976;233914368;241393664;252162048;259645440;267124736;274616320;282095616;289574912;293769216;301252608;308736000;319508480;-1,1822822;8361316;15641861;22807956;29974051;37140146;44306241;52319905;59888464;67457023;75417843;83065093;90712344;98359595;106115205;114110881;122106557;130102233;138097909;146093585;154089261;162084937;170080613;178076289;186071965;194067641;202063317;210058993;217924553;225711171;233497789;241284407;249071025;256857643;264644261;272430879;280217497;288004115;295790733;303577351;311363969;319150587;-1
19,34,1,-1,-1,-1,0.003s;0.034s;0.426s;0.717s;1.126s;1.596s;1.981s;2.434s;2.848s;3.3s;3.611s;4.005s;4.41s;4.92s;5.689s;6.368s;7.186s;7.768s;8.077s;8.543s;8.767s;9.73s;9.991s;6.895s;7.311s;7.668s;8.088s;8.479s;8.827s;9.057s;9.515s;9.938s;10.284s;10.707s;-1,0.12s;0.705s;1.379s;1.988s;2.555s;3.067s;3.512s;3.868s;4.343s;4.817s;5.47s;5.857s;6.167s;6.811s;7.1s;7.656s;8.39s;8.926s;9.178s;9.546s;10.238s;11.222s;11.29s;8.743s;8.879s;9.565s;9.68s;10.357s;10.663s;11.094s;11.618s;11.675s;12.646s;12.888s;-1,0s;0s;0s;0s;0s;0s;0s;0s;0s;0.005s;0.005s;0.002s;0.001s;0s;0s;0.001s;0s;0s;0s;0s;0s;0s;0s;0.005s;0s;0s;0s;0s;0s;0s;0.002s;0s;0s;0.002s;-1,20484096;18919424;25198592;35512320;42414080;49315840;56213504;63115264;70881280;74883072;82190336;89886720;100573184;107958272;115343360;122863616;130600960;138334208;142766080;150503424;158236672;169275392;177008640;184754176;192491520;200224768;207962112;212393984;220127232;227696640;238522368;246050816;253575168;261099520;-1,20484096;18931712;25210880;35512320;42414080;49315840;56213504;63115264;70881280;74895360;82202624;89899008;100573184;107958272;115343360;122863616;130600960;138334208;142778368;150515712;158248960;169275392;177008640;184754176;192491520;200224768;207962112;212406272;220139520;227708928;238522368;246050816;253575168;261099520;-1,1830280;8410480;15730623;22938536;30146449;37354362;44562275;52633937;60246626;67859315;75866573;83558407;91250242;98942077;106771931;114814251;122856571;130898891;138941211;146983531;155025851;163068171;0;179152811;187195131;195237451;203279771;211322091;219198703;227030729;234862755;242694781;250526807;258358833;-1
20,39,1,-1,-1,-1,0.002s;0.035s;0.273s;0.507s;0.857s;0.992s;1.367s;1.754s;1.872s;2.313s;2.671s;3.22s;3.668s;4.097s;4.064s;4.715s;5.451s;5.263s;6.003s;6.525s;7.24s;7.816s;7.988s;6.478s;6.913s;7.331s;7.649s;8.213s;8.943s;9.049s;9.657s;9.916s;10.412s;11.159s;11.761s;12.102s;12.83s;13.069s;13.543s;-1,0.113s;0.627s;1.273s;1.839s;2.626s;3.069s;3.2s;3.718s;3.924s;4.772s;5.046s;5.49s;5.794s;5.996s;6.788s;6.997s;7.375s;7.766s;8.177s;8.92s;9.072s;10.333s;10.121s;8.977s;9.426s;9.714s;10.291s;11.049s;10.763s;11.429s;11.272s;11.971s;12.148s;12.773s;13.378s;13.933s;14.947s;14.138s;15.164s;-1,0s;0s;0s;0s;0s;0s;0s;0s;0s;0s;0s;0.005s;0s;0s;0s;0s;0.001s;0s;0s;0s;0s;0s;0.005s;0s;0s;0s;0s;0s;0s;0s;0s;0s;0s;0s;0s;0.005s;0s;0s;0s;-1,20516864;22298624;28622848;35672064;39288832;46231552;56487936;63430656;71249920;75280384;85946368;93687808;101117952;105226240;112652288;123564032;131346432;139124736;143585280;154685440;162467840;170246144;174710784;182489088;193585152;201367552;209145856;213606400;224706560;232284160;239857664;244109312;251678720;262561792;270131200;277700608;281948160;292835328;300404736;-1,20516864;22298624;28622848;35672064;39301120;46243840;56487936;63430656;71249920;75292672;85946368;93687808;101117952;105238528;112664576;123564032;131346432;139124736;143597568;154685440;162467840;170246144;174723072;182501376;193585152;201367552;209145856;213618688;224706560;232292352;239857664;244121600;251691008;262561792;270131200;277700608;281960448;292835328;300404736;-1,1837024;8458589;15818333;23068019;30317705;37567391;44818791;52946988;60603810;68260632;76314339;84050768;91787198;99523628;107427697;115516672;123605647;131694622;139783597;147872572;155961547;164050522;172139497;180228472;188317447;196406422;204495397;212584372;220472095;228349540;236226985;244104430;251981875;259859320;267736765;275614210;283491655;291369100;299246545;-1
21,4,1,-1,-1,-1,0.007s;0.16s;8.878s;14.934s;-1,0.609s;2.839s;4.763s;6.441s;-1,0s;0s;0s;0s;-1,24231936;31903744;57913344;87138304;-1,24489984;31907840;57933824;87191552;-1,7757012;34956607;65361854;96582314;-1
22,4,1,-1,-1,-1,0.008s;0.161s;7.841s;15.476s;-1,0.671s;2.943s;4.635s;6.308s;-1,0s;0s;0s;0s;-1,25640960;33054720;59154432;88440832;-1,25640960;33054720;59154432;88444928;-1,7777982;35077016;65599215;96949539;-1
23,4,1,-1,-1,-1,0.011s;0.127s;7.918s;15.787s;-1,0.593s;2.819s;4.418s;6.189s;-1,0.001s;0.005s;0s;0s;-1,25612288;32276480;58073088;86986752;-1,25612288;32296960;58077184;87011328;-1,7715446;34689240;64826176;95747941;-1
24,5,1,-1,-1,-1,0.005s;0.132s;5.019s;9.853s;14.87s;-1,0.611s;2.838s;4.461s;6.229s;7.708s;-1,0.001s;0s;0s;0.005s;0.004s;-1,24965120;32325632;58310656;87453696;117403648;-1,24977408;32350208;58335232;87457792;117497856;-1,7751712;34921941;65292298;96473806;128646983;-1
25,4,1,-1,-1,-1,0.005s;0.171s;6.87s;14.126s;-1,0.703s;3.541s;5.399s;7.376s;-1,0s;0s;0s;0s;-1,25104384;32505856;58540032;87748608;-1,25116672;32518144;58552320;87740416;-1,7764591;34995226;65436528;96696811;-1
26,5,1,-1,-1,-1,0.005s;0.177s;6.09s;11.148s;17.826s;-1,0.723s;3.677s;5.405s;7.503s;9.429s;-1,0s;0.005s;0s;0.005s;0s;-1,25157632;32546816;58626048;87875584;117944320;-1,25161728;32563200;58638336;87887872;117956608;-1,7771288;35037092;65520065;96826801;129112491;-1
27,6,1,-1,-1,-1,0.007s;0.169s;6.015s;11.48s;12.8s;16.802s;-1,0.703s;3.341s;5.256s;7.411s;7.821s;9.596s;-1,0s;0s;0s;0s;0s;0.005s;-1,25169920;32567296;58707968;88043520;118235136;149377024;-1,25169920;32579584;58720256;88076288;118247424;149368832;-1,7785675;35127699;65701039;97108462;129484430;161860398;-1
28,4,1,-1,-1,-1,0.005s;0.164s;8.293s;16.359s;-1,0.623s;2.801s;4.321s;6.021s;-1,0s;0s;0.005s;0.001s;-1,25174016;32559104;58593280;87797760;-1,25174016;32571392;58605568;87810048;-1,7763895;34994004;65434825;96695059;-1
29,4,1,-1,-1,-1,0.006s;0.167s;6.699s;13.112s;-1,0.571s;2.942s;4.57s;6.133s;-1,0s;0s;0s;0.002s;-1,25174016;32600064;58843136;88301568;-1,25174016;32612352;58855424;88313856;-1,7806741;35256984;65958379;97508275;-1
30,7,1,-1,-1,-1,0.007s;0.177s;2.919s;5.312s;7.396s;9.595s;13.68s;-1,0.571s;3.236s;5.973s;7.556s;9.337s;11.98s;14.089s;-1,0s;0s;0s;0s;0s;0.003s;0s;-1,25194496;32559104;58494976;87576576;117460992;148344832;179236864;-1,25194496;32575488;58507264;87588864;117473280;148361216;179249152;-1,7742597;34861542;65170772;96284277;128396396;160508515;192475518;-1
31,2,1,-1,-1,-1,0.023s;1.092s;-1,12.582s;23.903s;-1,0.002s;0.002s;-1,24018944;55099392;-1,24301568;55148544;-1,32217732;150132376;-1
32,2,1,-1,-1,-1,0.024s;0.65s;-1,8.718s;16.983s;-1,0s;0s;-1,24350720;54996992;-1,24395776;55021568;-1,32060867;149106706;-1
33,2,1,-1,-1,-1,0.025s;0.796s;-1,8.708s;17.856s;-1,0s;0.001s;-1,24453120;55222272;-1,24489984;55234560;-1,32204953;150066273;-1
34,2,1,-1,-1,-1,0.02s;0.79s;-1,7.959s;17.529s;-1,0.001s;0s;-1,25501696;56160256;-1,25501696;56160256;-1,32137089;149609722;-1
35,2,1,-1,-1,-1,0.026s;0.76s;-1,13.994s;20.173s;-1,0.005s;0.001s;-1,25624576;56328192;-1,25624576;56328192;-1,32182504;149916548;-1
36,2,1,-1,-1,-1,0.023s;0.808s;-1,12.982s;25.031s;-1,0.001s;0.001s;-1,24604672;55361536;-1,24666112;55382016;-1,32178564;149879506;-1
37,2,1,-1,-1,-1,0.023s;0.788s;-1,11.549s;23.204s;-1,0.001s;0.001s;-1,24748032;56442880;-1,24748032;56442880;-1,32261044;150432739;-1
38,2,1,-1,-1,-1,0.024s;0.753s;-1,9.621s;20.92s;-1,0.001s;0.001s;-1,24682496;55570432;-1,24743936;55607296;-1,32330255;150888794;-1
39,2,1,-1,-1,-1,0.024s;0.798s;-1,9.541s;19.834s;-1,0.001s;0.001s;-1,24809472;55418880;-1,24809472;55422976;-1,32128413;149550413;-1
40,2,1,-1,-1,-1,0.024s;0.831s;-1,9.131s;20.534s;-1,0.001s;0.002s;-1,26669056;57356288;-1,26669056;57356288;-1,32164842;149785181;-1
