index,t_solve_list,t_ground_list,ground_file_bytes_list
1,0.011s;0.403s;0.66s;-1,4.017s;12.44s;17.956s;-1,13901210;352188374;528591360;-1
2,0.011s;0.411s;0.737s;-1,4.007s;15.429s;21.298s;-1,12788631;332295313;505539152;-1
3,0.01s;0.444s;-1,4.597s;16.685s;-1,14586718;379313416;-1
4,0.011s;0.466s;0.821s;1.249s;-1,4.333s;17.544s;21.859s;27.979s;-1,13977029;362636449;551645144;740653839;-1
5,0.01s;0.353s;0.587s;-1,3.735s;11.278s;16.641s;-1,12861195;322913552;484669656;-1
6,0.01s;0.726s;1.534s;-1,3.774s;15.21s;22.296s;-1,12986068;399590864;640309725;-1
7,0.011s;0.437s;0.771s;-1,4.021s;14.085s;25.358s;-1,13530906;324686304;536252347;-1
8,0.01s;0.607s;1.347s;-1,4.043s;17.396s;23.548s;-1,13674390;392810505;618023075;-1
9,0.011s;0.868s;1.66s;-1,4.18s;17.403s;23.951s;-1,13063818;403076839;645679205;-1
10,0.011s;0.726s;-1,4.609s;18.14s;-1,13876270;404210392;-1
11,0.011s;0.749s;-1,4.872s;20.533s;-1,14612291;421103150;-1
12,0.01s;0.371s;0.626s;-1,3.995s;14.807s;20.434s;-1,13053916;328037635;492355244;-1
13,0.012s;0.467s;0.808s;-1,5.416s;20.745s;25.808s;-1,13845942;357502571;543842831;-1
14,0.011s;0.408s;0.678s;-1,4.381s;13.574s;19.567s;-1,14249553;356753512;535430980;-1
15,0.01s;0.419s;0.796s;1.157s;-1,3.849s;13.98s;21.509s;26.744s;-1,13276003;345019962;524840577;704661752;-1
16,0.011s;0.39s;0.673s;-1,4.542s;13.621s;22.128s;-1,14048606;350908121;526662404;-1
17,0.012s;0.412s;0.679s;-1,5.894s;17.138s;20.477s;-1,14662097;366648656;550280444;-1
18,0.011s;0.427s;0.792s;-1,3.968s;14.025s;24.744s;-1,13546046;351088143;534069270;-1
19,0.011s;0.441s;-1,5.634s;21.561s;-1,14868265;372635703;-1
20,0.01s;0.428s;-1,5.755s;20.869s;-1,14454334;361673455;-1
21,0.011s;0.446s;0.815s;-1,4.575s;17.742s;23.7s;-1,14151562;366518729;557519223;-1
22,0.011s;0.382s;0.638s;0.902s;-1,4.031s;12.505s;18.441s;25.173s;-1,13870038;348355941;522839163;697322945;-1
23,0.011s;0.447s;0.782s;-1,4.123s;15.424s;28.246s;-1,13949192;364729050;554787530;-1
24,0.011s;0.498s;1.005s;-1,3.816s;14.631s;22.589s;-1,13154001;355512284;549655284;-1
25,0.011s;0.722s;1.347s;-1,4.299s;17.64s;25.328s;-1,13649517;391560649;616109443;-1
26,0.01s;0.86s;1.572s;-1,3.626s;15.517s;22.693s;-1,12803557;416056536;664480224;-1
27,0.011s;0.727s;1.397s;-1,4.485s;18.64s;26.278s;-1,14203767;413038372;649466174;-1
28,0.011s;0.497s;0.802s;-1,4.895s;22.112s;24.379s;-1,14456297;373338010;567903993;-1
29,0.01s;-1,4.112s;-1,13076985;-1
30,0.011s;1.148s;-1,5.204s;24.08s;-1,14606091;478492688;-1
31,0.011s;0.54s;-1,5.116s;20.743s;-1,14395463;385786162;-1
32,0.011s;0.38s;0.636s;-1,4.926s;12.901s;18.054s;-1,13685403;339819763;509981264;-1
33,0.013s;0.687s;1.357s;-1,5.084s;20.541s;24.257s;-1,13789833;391742818;616418457;-1
34,0.011s;0.897s;1.643s;-1,4.234s;16.167s;23.635s;-1,13888601;423045561;677771863;-1
35,0.011s;0.666s;1.298s;-1,3.683s;14.762s;21.142s;-1,13071857;373733434;587993169;-1
36,0.011s;0.43s;0.771s;-1,4.152s;14.695s;20.747s;-1,13790519;358790942;545626297;-1
37,0.011s;0.765s;1.466s;-1,4.713s;24.513s;25.42s;-1,15020540;429201001;540868757;-1
38,0.011s;0.399s;0.648s;4.143s,4.184s;12.739s;18.698s;25.063s,14087922;351008888;526803470;702600292
39,0.011s;0.485s;1.033s;-1,4.559s;15.054s;21.801s;-1,13790458;371430875;574062948;-1
40,0.011s;0.358s;0.596s;3.669s,3.96s;12.051s;17.897s;23.313s,13288784;330129596;495460599;660792162
41,0.011s;0.684s;1.284s;-1,4.451s;14.813s;21.576s;-1,13026479;378025686;594348375;-1
42,0.011s;0.429s;0.769s;-1,4.022s;13.94s;19.488s;-1,13509885;346970565;527800955;-1
43,0.011s;0.7s;1.371s;-1,4.184s;15.893s;22.867s;-1,14040258;398731362;627408460;-1
44,0.01s;1.041s;2.013s;-1,4.688s;16.286s;24.984s;-1,13891569;450816789;735841247;-1
45,0.011s;0.467s;0.626s;3.805s;-1,3.904s;12.182s;17.657s;23.315s;-1,13636080;342463510;513957416;685454280;-1
46,0.011s;0.412s;0.688s;0.972s;-1,4.926s;13.965s;20.957s;27.455s;-1,14910387;369335900;554255528;739177455;-1
47,0.011s;0.386s;0.655s;-1,4.255s;12.846s;18.579s;-1,14086075;349222596;524114958;-1
48,0.011s;0.421s;0.751s;-1,3.846s;13.704s;19.21s;-1,13214579;339615826;516589264;-1
49,0.012s;1.098s;2.111s;-1,4.214s;17.416s;25.888s;-1,13997725;460074685;750128521;-1
50,0.011s;0.4s;0.663s;0.927s;-1,4.282s;14.083s;19.153s;25.002s;-1,4913589;354283914;531676586;709069258;-1
51,0.011s;0.419s;0.749s;1.17s;-1,3.697s;13.452s;19.143s;26.549s;-1,13120245;340127864;517307604;694488938;-1
52,0.01s;0.521s;1.055s;-1,4.343s;15.836s;24.473s;-1,13611967;366139365;565974708;-1
53,0.011s;0.536s;1.102s;-1,4.311s;15.618s;23.097s;-1,13887393;369754532;571663430;-1
54,0.012s;0.404s;0.668s;-1,4.663s;15.768s;27.551s;-1,14315229;356567002;535106960;-1
55,0.012s;0.415s;0.688s;-1,4.884s;13.734s;22.231s;-1,14522402;360743606;541381025;-1
56,0.01s;0.451s;0.85s;-1,4.534s;16.024s;22.51s;-1,14418484;370887106;564158748;-1
57,0.011s;0.479s;0.879s;-1,5.206s;16.881s;25.338s;-1,15014320;385786549;586823310;-1
58,0.011s;0.393s;0.657s;-1,4.249s;14.751s;19.962s;-1,14112237;352253384;528651261;-1
59,0.011s;0.948s;-1,4.689s;18.873s;-1,15018573;450939111;-1
60,0.01s;1.307s;-1,4.408s;18.504s;-1,14148325;502693088;-1
61,0.01s;0.399s;0.656s;3.932s;-1,4.241s;13.233s;19.212s;25.582s;-1,14162264;355561796;533609513;711658229;-1
62,0.01s;0.553s;1.073s;-1,4.124s;15.933s;22.278s;-1,14012332;374888564;579522179;-1
63,0.01s;0.512s;1.031s;-1,4.315s;18.676s;21.903s;-1,13193807;356881695;551564061;-1
64,0.01s;1.454s;-1,3.587s;18.764s;-1,12561034;490803927;-1
65,0.011s;0.656s;1.291s;-1,4.265s;16.479s;24.389s;-1,13516385;383402431;603276408;-1
66,0.01s;0.364s;0.612s;0.915s;-1,4.4s;12.162s;18.31s;24.254s;-1,13386842;331723641;497837841;663952441;-1
67,0.01s;0.52s;0.947s;1.368s;-1,4.463s;16.893s;19.567s;25.044s;-1,12637673;346805595;535879560;724954659;-1
68,0.011s;0.744s;1.433s;-1,4.359s;20.207s;27.767s;-1,14398843;405750722;638547329;-1
69,0.011s;0.368s;2.675s,4.102s;12.6s;17.59s,13065898;323421880;485373033
70,0.011s;1.491s,5.287s;20.229s,14391399;367698150
71,0.012s;0.402s;0.663s;-1,4.408s;15.398s;23.581s;-1,13812807;348280592;522706213;-1
72,0.011s;0.55s;1.115s;-1,4.614s;19.695s;26.897s;-1,13588533;365846167;565657671;-1
74,0.011s;0.665s;1.333s;-1,4.123s;17.85s;26.723s;-1,13612049;385427845;606549841;-1
75,0.01s;0.365s;0.606s;0.872s;-1,3.96s;12.72s;17.412s;24.03s;-1,13438176;336487823;504994013;673502842;-1
76,0.01s;0.427s;0.805s;-1,3.879s;14.705s;20.443s;-1,13699491;372560038;566317105;-1
77,0.011s;0.438s;0.792s;-1,3.872s;16.297s;23.511s;-1,13708893;351537480;534717818;-1
78,0.01s;0.633s;1.251s;-1,3.218s;15.184s;23.641s;-1,12313159;367472011;577192520;-1
79,0.01s;0.394s;0.651s;-1,4.173s;14.753s;21.813s;-1,13713032;342572038;514117881;-1
80,0.011s;-1,4.492s;-1,13631410;-1
81,0.011s;0.392s;0.656s;-1,4.202s;13.985s;26.072s;-1,13685103;341610502;512704831;-1
82,0.011s;1.178s;-1,4.434s;21.231s;-1,14256055;481826514;-1
83,0.01s;0.446s;0.916s;-1,4.334s;16.3s;25.8s;-1,14089538;361715240;550163199;-1
84,0.01s;0.395s;0.657s;0.928s;-1,4.146s;17.263s;19.216s;26.007s;-1,13466599;345044683;517852812;690660941;-1
85,0.011s;0.461s;0.85s;-1,4.345s;15.955s;22.762s;-1,14090205;360461233;548280675;-1
86,0.011s;1.086s;2.115s;-1,4.091s;16.735s;25.549s;-1,13602986;446115656;727527251;-1
87,0.011s;0.782s;-1,4.758s;19.133s;-1,14939063;424403349;-1
88,0.011s;0.447s;0.814s;-1,4.863s;16.241s;23.272s;-1,14188403;362421486;551272836;-1
89,0.01s;0.563s;1.117s;-1,4.384s;17.607s;25.857s;-1,14088907;376426408;581905391;-1
90,0.012s;0.399s;0.664s;-1,4.259s;14.103s;22.166s;-1,13911774;348684870;523321973;-1
91,0.011s;0.411s;0.693s;-1,5.316s;16.551s;26.249s;-1,15013315;372303885;558707871;-1
92,0.01s;0.478s;0.842s;-1,4.099s;17.561s;28.159s;-1,13940558;365945299;556493924;-1
93,0.011s;0.399s;0.654s;0.927s;-1,4.29s;13.873s;23.219s;28.048s;-1,13885315;343602092;515653252;687704412;-1
94,0.01s;0.395s;0.651s;-1,4.222s;14.232s;19.611s;-1,13786673;343947922;516174116;-1
95,0.012s;0.368s;0.617s;0.883s;-1,4.002s;13.013s;19.684s;26.48s;-1,13387649;332714138;499323912;665935926;-1
96,0.01s;0.372s;0.642s;0.868s;-1,3.784s;13.054s;18.653s;24.324s;-1,13094084;326370855;489807738;653244621;-1
97,0.01s;0.584s;1.335s;-1,4.652s;18.995s;27.012s;-1,14731618;400022043;618095125;-1
98,0.011s;0.469s;-1,4.891s;19.832s;-1,14808380;381958135;-1
99,0.011s;0.367s;0.609s;-1,4.546s;15.251s;21.137s;-1,13190472;327569539;491633958;-1
100,0.01s;0.818s;-1,5.24s;26.681s;-1,14221919;417337890;-1
101,0.011s;1.262s;-1,4.693s;21.387s;-1,13010082;465041189;-1
102,0.011s;1.17s;-1,5.561s;26.671s;-1,14919094;488152202;-1
103,0.011s;0.455s;0.849s;-1,4.936s;18.044s;27.632s;-1,14392233;367434443;558893769;-1
104,0.011s;1.792s;-1,4.007s;27.09s;-1,13394634;553300902;-1
105,0.012s;1.596s;-1,4.423s;19.809s;-1,14301071;543404039;-1
106,0.011s;0.448s;0.788s;-1,4.008s;16.567s;21.346s;-1,13491987;348645280;530261622;-1
107,0.01s;0.759s;-1,4.113s;19.188s;-1,13490132;408529670;-1
108,0.011s;0.509s;1.06s;-1,4.205s;19.244s;28.045s;-1,13441290;377547622;583045249;-1
109,0.011s;0.421s;0.749s;-1,4.042s;15.848s;24.2s;-1,13094935;334782942;509266858;-1
110,0.011s;0.757s;-1,7.201s;22.64s;-1,15015152;422639468;-1
111,0.011s;0.402s;0.724s;-1,5.249s;15.434s;24.679s;-1,14392392;356230291;534596767;-1
112,0.01s;0.391s;0.672s;-1,5.25s;15.854s;21.915s;-1,13910231;348917538;523669700;-1
113,0.011s;0.709s;-1,5.506s;21.631s;-1,14370509;411638437;-1
114,0.01s;0.432s;0.783s;-1,4.27s;18.951s;25.082s;-1,13317573;349356016;531318455;-1
115,0.01s;0.442s;-1,4.691s;19.126s;-1,13584606;346865525;-1
116,0.011s;0.419s;-1,5.347s;21.145s;-1,14291899;357574601;-1
117,0.012s;0.478s;-1,5.138s;23.872s;-1,14196733;376292998;-1
118,0.011s;0.705s;1.35s;-1,5.1s;21.553s;26.339s;-1,13989775;393884083;619926738;-1
119,0.01s;0.484s;0.876s;-1,4.593s;18.031s;27.205s;-1,14599109;373517797;568122479;-1
120,0.011s;-1,5.074s;-1,13984851;-1
121,0.01s;-1,4.295s;-1,13705895;-1
122,0.011s;0.375s;0.633s;-1,4.85s;15.313s;20.286s;-1,13788035;343485266;515485821;-1
123,0.011s;0.838s;-1,5.131s;22.258s;-1,14702747;413960064;-1
124,0.011s;0.366s;0.59s;0.845s;-1,3.797s;12.384s;18.239s;25.181s;-1,12921771;322223502;483591282;644959062;-1
125,0.011s;0.508s;-1,4.214s;17.241s;-1,13486810;361279207;-1
126,0.011s;1.031s;-1,4.937s;22.262s;-1,14525105;441149176;-1
127,0.011s;1.906s;-1,5.288s;24.278s;-1,14534653;601650938;-1
128,0.011s;0.437s;0.788s;-1,4.88s;20.724s;23.142s;-1,13788161;353526504;537728893;-1
129,0.011s;0.397s;0.649s;-1,4.575s;16.813s;21.032s;-1,14163052;356789111;535450111;-1
130,0.011s;0.422s;0.765s;-1,4.127s;17.513s;22.914s;-1,13558415;345514587;525561046;-1
131,0.01s;0.428s;0.774s;-1,4.003s;15.053s;22.833s;-1,13290020;343225240;522028893;-1
132,0.011s;0.408s;0.681s;-1,4.64s;17.427s;24.126s;-1,14600032;364939107;547662469;-1
133,0.01s;0.573s;1.164s;-1,5.003s;20.655s;26.685s;-1,14600009;390555007;603691481;-1
134,0.01s;0.46s;0.852s;-1,4.889s;18.098s;25.803s;-1,14778139;375171696;570652613;-1
135,0.011s;0.465s;0.837s;-1,4.758s;18.792s;24.986s;-1,14468089;368090379;559876542;-1
136,0.011s;0.558s;1.073s;-1,4.596s;18.204s;25.323s;-1,14165887;376444776;581974428;-1
137,0.011s;0.379s;0.634s;-1,4.45s;16.079s;20.872s;-1,13685859;340315590;510725486;-1
139,0.01s;0.992s;-1,4.698s;24.416s;-1,13751043;431790423;-1
140,0.011s;0.557s;-1,4.913s;24.722s;-1,14396017;390388215;-1
141,0.011s;1.716s;-1,4.69s;21.551s;-1,13791150;512026556;-1
142,0.011s;0.444s;0.796s;-1,5.531s;17.874s;28.296s;-1,13686327;350576054;533254584;-1
143,0.015s;0.434s;0.621s;0.873s;-1,5.206s;14.739s;21.321s;28.457s;-1,13511921;337069891;505865359;674667547;-1
144,0.011s;0.552s;1.197s;-1,4.437s;18.143s;25.489s;-1,14164053;381235565;589196306;-1
145,0.011s;0.586s;-1,5.3s;19.581s;-1,13841145;380651749;-1
147,0.01s;0.823s;1.5s;-1,4.205s;17.783s;24.562s;-1,13202529;421783394;673874900;-1
148,0.01s;0.386s;0.609s;0.846s;-1,4.083s;14.813s;22.117s;26.22s;-1,12995109;322362368;483794953;645227538;-1
149,0.011s;0.445s;0.819s;-1,4.468s;18.83s;20.208s;-1,13887533;355969941;541445505;-1
150,0.011s;0.452s;0.83s;-1,4.902s;16.586s;22.251s;-1,14498286;372762692;566938983;-1
151,0.01s;2.723s;-1,3.917s;21.97s;-1,13104215;683062376;-1
152,0.011s;0.353s;0.594s;0.849s;-1,4.537s;11.041s;17.03s;25.573s;-1,12994124;322360340;483792451;645224762;-1
153,0.01s;0.69s;1.345s;-1,4.142s;17.558s;22.918s;-1,13247328;383915244;603635050;-1
154,0.01s;0.498s;1.007s;-1,4.288s;16.458s;21.707s;-1,13914934;377595801;583466271;-1
155,0.011s;0.435s;0.781s;-1,3.828s;14.183s;20.648s;-1,13253765;342173858;520482594;-1
156,0.011s;0.543s;-1,4.666s;25.996s;-1,15014828;401492150;-1
157,0.01s;0.475s;-1,5.966s;25.898s;-1,14599288;373262299;-1
158,0.011s;0.613s;1.354s;-1,4.354s;17.974s;24.803s;-1,13266350;373489162;587845593;-1
159,0.012s;1.11s;-1,5.063s;22.846s;-1,13818885;450206973;-1
160,0.01s;0.554s;1.115s;-1,4.487s;16.145s;26.946s;-1,13886149;371524529;574337277;-1
161,0.011s;0.402s;0.668s;-1,4.459s;14.348s;22.718s;-1,14291326;353782611;530926130;-1
162,0.009s;0.541s;1.092s;-1,4.838s;17.48s;23.842s;-1,13714862;372709637;575947048;-1
163,0.01s;0.548s;1.094s;-1,4.138s;16.134s;23.675s;-1,13887464;371765913;574682018;-1
164,0.013s;0.58s;-1,5.017s;20.287s;-1,15091829;404855666;-1
165,0.012s;0.403s;0.682s;-1,5.789s;16.898s;21.037s;-1,14830383;368904387;553613273;-1
166,0.01s;0.738s;1.424s;-1,4.423s;17.124s;23.307s;-1,14395647;407959177;641864368;-1
167,0.011s;1.172s;-1,4.759s;19.753s;-1,14809432;480477130;-1
168,0.011s;0.71s;1.373s;-1,4.64s;17.147s;23.598s;-1,14052982;399437890;628531605;-1
169,0.01s;1.478s;-1,3.641s;18.111s;-1,12923528;502482566;-1
170,0.01s;0.365s;0.597s;-1,4.141s;13.78s;20.052s;-1,12842977;325459600;488457676;-1
171,0.011s;0.441s;0.804s;-1,4.371s;17.657s;23.708s;-1,14003662;361985991;550545517;-1
172,0.011s;0.38s;0.65s;-1,4.305s;15.505s;19.683s;-1,14002687;349517779;524538905;-1
173,0.01s;0.429s;0.761s;-1,3.916s;14.512s;21.356s;-1,13108647;336707657;512180681;-1
174,0.011s;0.712s;1.356s;-1,4.409s;16.563s;24.584s;-1,14045409;405212782;637146832;-1
175,0.01s;-1,3.878s;-1,13331227;-1
176,0.011s;0.408s;0.669s;-1,4.61s;14.787s;19.984s;-1,14442992;357826103;537010050;-1
178,0.011s;0.599s;-1,4.95s;20.276s;-1,14287184;420059929;-1
179,0.011s;0.529s;-1,4.187s;18.533s;-1,13144367;355573257;-1
180,0.011s;0.412s;0.629s;-1,5.061s;20.145s;21.358s;-1,13361655;335092897;502914519;-1
181,0.01s;0.394s;0.658s;-1,4.825s;18.242s;23.018s;-1,13836548;343553738;515601407;-1
182,0.011s;0.481s;0.831s;-1,4.91s;19.224s;25.85s;-1,14242164;363870408;553517050;-1
183,0.012s;0.366s;0.636s;-1,4.128s;14.148s;23.887s;-1,12951772;326665467;490269747;-1
184,0.01s;0.397s;-1,5.521s;19.012s;-1,13954304;345763108;-1
185,0.011s;1.306s;-1,6.107s;25.287s;-1,14867458;488454529;-1
186,0.011s;1.629s;-1,5.371s;24.269s;-1,14361526;561829942;-1
187,0.01s;0.793s;-1,4.837s;20.84s;-1,13564140;383325598;-1
188,0.01s;0.353s;0.623s;0.846s;-1,4.572s;14.009s;18.724s;27.023s;-1,12974065;326189869;489561137;652935095;-1
189,0.011s;0.514s;1.081s;-1,4.354s;16.096s;26.832s;-1,13099782;361307291;558256373;-1
190,0.011s;0.949s;-1,4.789s;20.004s;-1,14447818;435467473;-1
191,0.01s;0.387s;0.619s;-1,4.018s;14.854s;20.948s;-1,13337370;331417280;497397172;-1
192,0.011s;0.914s;1.653s;-1,4.389s;19.563s;26.202s;-1,13640603;414465480;664226581;-1
193,0.011s;0.404s;0.711s;-1,4.755s;17.887s;27.42s;-1,14648851;363547454;512589241;-1
194,0.01s;0.453s;0.795s;-1,4.39s;20.136s;24.046s;-1,13637026;349488333;531641347;-1
195,0.01s;0.403s;0.67s;-1,4.152s;14.448s;25.206s;-1,13343878;344412499;516908021;-1
197,0.01s;0.368s;0.609s;-1,4.104s;13.899s;20.854s;-1,13043988;325651478;488775534;-1
198,0.01s;0.717s;-1,4.57s;18.97s;-1,13941720;393581281;-1
199,0.011s;0.534s;1.087s;-1,4.647s;18.184s;26.111s;-1,13540209;364736202;563806247;-1
200,0.01s;0.368s;0.605s;0.879s;-1,4.342s;15.489s;22.382s;26.957s;-1,12948878;325921059;489152577;652384895;-1
201,0.011s;0.748s;-1,5.148s;21.412s;-1,14143087;427169480;-1
202,0.01s;0.738s;-1,4.85s;19.041s;-1,14548128;409339370;-1
203,0.01s;0.568s;-1,5.279s;21.108s;-1,14343989;383939062;-1
204,0.01s;1.488s;-1,4.483s;20.697s;-1,13153263;490805657;-1
205,0.01s;0.452s;0.866s;-1,5.088s;18.193s;26.603s;-1,13738515;354441392;539119582;-1
206,0.011s;0.527s;1.057s;-1,4.302s;18.131s;26.846s;-1,13022635;357590690;552599477;-1
207,0.012s;0.376s;0.623s;-1,4.622s;15.133s;22.449s;-1,13340369;333620195;500701971;-1
208,0.011s;0.465s;-1,5.215s;21.103s;-1,14423689;382692190;-1
209,0.01s;0.389s;0.636s;-1,4.521s;15.471s;23.268s;-1,13659053;341000764;511776577;-1
210,0.013s;0.441s;0.793s;-1,4.354s;16.283s;23.44s;-1,13561036;349853356;532193134;-1
211,0.011s;0.479s;0.898s;-1,4.99s;19.797s;27.142s;-1,14856411;380576549;578975505;-1
212,0.011s;0.424s;0.755s;-1,4.277s;15.689s;25.214s;-1,13218719;347835592;529050658;-1
213,0.011s;0.684s;1.409s;-1,4.487s;16.674s;27.167s;-1,13440840;382589706;602027943;-1
214,0.01s;0.415s;0.683s;-1,5.268s;16.835s;26.565s;-1,14779596;369865564;555073357;-1
215,0.01s;0.398s;0.636s;-1,4.266s;14.291s;22.578s;-1,13848377;343328365;515255301;-1
216,0.011s;0.849s;1.732s;-1,4.856s;21.536s;27.32s;-1,14318121;431890080;692339668;-1
217,0.01s;0.403s;0.675s;-1,4.615s;18.178s;21.801s;-1,14214293;357398130;504421763;-1
218,0.012s;0.677s;1.313s;-1,4.266s;15.703s;21.853s;-1,13738791;390402136;614320143;-1
219,0.01s;0.857s;1.538s;-1,3.822s;15.684s;22.456s;-1,13047770;397359671;636891086;-1
220,0.01s;0.387s;0.637s;0.904s;-1,4.151s;13.361s;20.327s;26.5s;-1,14097469;351961724;528191970;704424887;-1
221,0.01s;0.544s;1.107s;-1,3.987s;15.495s;23.306s;-1,13902195;379267113;586179226;-1
222,0.01s;0.394s;0.715s;1.119s;-1,3.514s;12.95s;18.363s;24.454s;-1,12788819;334039962;508183858;682328314;-1
223,0.01s;0.472s;0.865s;-1,4.332s;16.223s;23.486s;-1,14586008;381172665;579791257;-1
224,0.01s;0.411s;0.668s;0.924s;-1,4.292s;13.445s;19.316s;25.338s;-1,14252753;359319250;539278766;719238282;-1
225,0.01s;0.454s;0.825s;-1,4.172s;15.157s;20.641s;-1,13973700;362631867;551640991;-1
226,0.01s;0.409s;0.72s;1.123s;-1,3.753s;13.673s;18.875s;25.841s;-1,12863609;334378807;508660967;682947089;-1
227,0.01s;1.451s;-1,3.645s;17.546s;-1,12991473;502338081;-1
228,0.011s;0.42s;0.765s;1.179s;-1,3.966s;14.335s;20.438s;27.468s;-1,13531336;353567506;537866435;722233596;-1
229,0.011s;0.708s;1.352s;-1,4.022s;15.511s;22.399s;-1,13673990;392796725;618000590;-1
230,0.011s;0.856s;1.555s;-1,3.693s;14.814s;21.826s;-1,13061903;402545623;644885692;-1
231,0.011s;0.719s;1.383s;-1,3.97s;15.809s;23.362s;-1,13879922;411150742;646064460;-1
232,0.011s;0.408s;0.679s;-1,4.332s;13.751s;19.582s;-1,14607204;368803884;553516835;-1
233,0.01s;0.366s;0.592s;-1,3.769s;11.369s;16.916s;-1,13053916;328037635;492355244;-1
234,0.01s;0.445s;0.804s;1.236s;-1,3.977s;14.379s;20.388s;27.188s;-1,13846446;357502892;543842903;730182914;-1
235,0.011s;1.876s;-1,4.207s;20.641s;-1,14262703;603757688;-1
236,0.011s;0.865s;1.578s;-1,3.772s;15.177s;21.946s;-1,13279932;407530526;653042033;-1
237,0.01s;0.395s;0.659s;0.923s;-1,4.129s;12.696s;18.237s;24.33s;-1,14049282;350908821;526663093;702417365;-1
238,0.012s;0.405s;0.685s;-1,4.396s;13.617s;19.519s;-1,14659944;366627346;550243136;-1
239,0.011s;0.438s;0.793s;1.224s;-1,3.911s;13.937s;19.635s;26.529s;-1,13547129;350607669;533347993;716089018;-1
240,0.012s;0.403s;0.675s;0.97s;-1,4.535s;13.903s;20.266s;26.738s;-1,14869847;373992714;561321671;748652796;-1
241,0.011s;0.708s;1.376s;-1,4.284s;16.045s;23.058s;-1,14154390;404209441;636069333;-1
242,0.011s;0.379s;0.636s;0.902s;-1,4.057s;12.574s;18.009s;24.135s;-1,13870042;348355949;522839173;697322957;-1
243,0.011s;0.432s;0.784s;-1,4.064s;14.164s;21.168s;-1,13949196;364729058;554787540;-1
244,0.01s;0.495s;1.004s;1.454s;-1,3.694s;14.034s;19.972s;26.931s;-1,13154001;355512460;549655548;743799635;-1
245,0.01s;1.333s;-1,4.229s;18.533s;-1,14256838;504697579;-1
246,0.01s;0.375s;0.628s;0.883s;-1,3.924s;12.432s;19.192s;24.892s;-1,13647870;342297905;513748201;685201189;-1
247,0.011s;1.605s;-1,4.64s;20.231s;-1,14566357;558055439;-1
248,0.011s;0.552s;1.13s;-1,4.474s;17.198s;23.453s;-1,14456996;390377037;603475509;-1
249,0.011s;0.421s;0.747s;-1,4.086s;13.593s;18.668s;-1,13077333;339490331;516477834;-1
250,0.011s;1.351s;-1,4.363s;18.567s;-1,14608392;516890745;-1
251,0.01s;0.425s;0.758s;1.182s;-1,4.105s;13.791s;19.731s;26.055s;-1,13535319;349449816;531541892;713634528;-1
252,0.011s;0.501s;1.011s;1.463s;-1,3.9s;15.459s;21.035s;27.257s;-1,12997311;351063205;542591697;734120189;-1
253,0.011s;0.545s;1.089s;-1,4.664s;18.019s;27.256s;-1,14395467;385786170;596302185;-1
254,0.01s;0.383s;0.616s;0.883s;-1,4.713s;12.958s;18.286s;23.068s;-1,13685028;339806792;509961772;680116952;-1
255,0.012s;1.816s;-1,4.415s;19.918s;-1,13800166;576325501;-1
256,0.011s;0.654s;1.293s;-1,3.624s;14.618s;22.686s;-1,13071869;373733622;587993445;-1
257,0.011s;0.545s;1.081s;-1,4.536s;17.532s;25.692s;-1,4707274;375722417;580499432;-1
258,0.011s;0.433s;0.779s;-1,4.195s;14.39s;19.84s;-1,13585406;348083959;529465410;-1
259,0.01s;0.437s;0.783s;1.216s;-1,3.82s;13.98s;20s;26.647s;-1,13489906;347007075;527814970;708626061;-1
260,0.01s;0.416s;0.735s;-1,3.873s;13.397s;19.437s;-1,12923007;333901219;507901741;-1
261,0.01s;1.049s;2.038s;-1,3.801s;15.537s;24.071s;-1,13497021;442941586;722357500;-1
262,0.011s;0.952s;1.722s;-1,4.584s;18.523s;25.207s;-1,15020823;456239390;730798328;-1
263,0.011s;0.398s;0.654s;-1,4.02s;12.853s;19.844s;-1,14087548;350995278;526782341;-1
264,0.011s;0.536s;1.082s;-1,4.209s;15.248s;21.976s;-1,13792981;374692467;578955051;-1
265,0.01s;-1,3.784s;-1,13288071;-1
266,0.01s;1.023s;2.01s;-1,3.622s;15.882s;22.687s;-1,13031672;432422393;704794528;-1
267,0.01s;0.423s;0.773s;-1,3.825s;13.522s;21.3s;-1,13509885;346970565;527800955;-1
268,0.011s;0.449s;0.799s;-1,4.019s;14.707s;20.723s;-1,14037698;364114513;553790284;-1
269,0.01s;1.051s;2.046s;-1,4.046s;17.104s;26.173s;-1,13890559;447226271;730437329;-1
270,0.01s;0.44s;0.79s;1.208s;-1,3.914s;16.311s;22.33s;27.838s;-1,13637372;353360331;537424746;721491779;-1
271,0.011s;0.473s;0.864s;-1,4.553s;17.751s;23.893s;-1,14911144;380661204;578990953;-1
272,0.011s;0.386s;0.653s;3.879s,3.985s;12.815s;20.016s;23.962s,14086447;349236004;524135107;699034770
273,0.011s;0.686s;1.362s;-1,3.885s;15.572s;22.89s;-1,13913623;400645976;630054927;-1
274,0.01s;0.908s;1.634s;-1,3.956s;16.137s;23.728s;-1,14019960;430043023;688631324;-1
275,0.01s;0.488s;1.016s;1.512s;-1,3.718s;13.692s;21.257s;26.945s;-1,13216892;354299488;547755202;741215504;-1
276,0.01s;0.544s;1.082s;-1,4.21s;16.639s;25.41s;-1,13987234;374585755;579027604;-1
277,0.011s;0.441s;0.814s;-1,5.046s;17.604s;23.669s;-1,14294537;366765327;557840577;-1
278,0.012s;0.832s;1.573s;-1,5.051s;21.244s;26.098s;-1,15052159;487261100;762175013;-1
279,0.01s;0.369s;0.619s;3.653s;-1,3.833s;13.67s;19.808s;25.368s;-1,13242874;333705385;500825845;667957589;-1
280,0.01s;2.205s;-1,4.321s;22.146s;-1,14203063;780687303;-1
281,0.012s;0.405s;0.74s;1.172s;-1,4.319s;14.405s;21.569s;26.532s;-1,13119775;338422595;514749613;691078261;-1
282,0.012s;0.446s;0.823s;-1,4.596s;17.833s;24.631s;-1,14471911;377478654;574031211;-1
283,0.01s;0.882s;1.644s;-1,3.854s;15.703s;23.179s;-1,13618509;423902723;678200000;-1
285,0.011s;0.525s;1.052s;-1,4.061s;15.628s;21.953s;-1,13890682;375015650;579556211;-1
286,0.011s;0.459s;0.825s;-1,4.281s;15.805s;24.174s;-1,14316305;368065791;559846455;-1
287,0.011s;0.418s;0.68s;-1,4.426s;16.021s;22.592s;-1,14519343;361977723;543223564;-1
288,0.011s;0.746s;1.387s;-1,4.269s;18.248s;25.896s;-1,14422849;415806160;653740197;-1
289,0.012s;0.766s;-1,4.826s;19.8s;-1,15016739;428414556;-1
290,0.01s;0.544s;1.098s;-1,4.378s;17.353s;22.705s;-1,14114863;379100390;586013749;-1
291,0.011s;1.696s;-1,4.686s;21.103s;-1,15027587;573949603;-1
292,0.012s;0.85s;1.539s;-1,3.531s;14.985s;22.422s;-1,12880230;395894255;634046018;-1
293,0.011s;0.805s;1.532s;-1,4.216s;17.032s;24.68s;-1,14176057;466382537;729543349;-1
294,0.01s;0.543s;1.113s;-1,4.13s;17.412s;23.617s;-1,14012553;375209625;580044691;-1
295,0.01s;0.516s;1.007s;-1,3.868s;15.433s;20.604s;-1,13194529;316416614;551579816;-1
296,0.011s;1.084s;-1,4.208s;19.291s;-1,13813922;443290061;-1
297,0.011s;1.255s;2.421s;-1,3.856s;17.986s;26.435s;-1,12559829;460327919;761553653;-1
298,0.011s;0.674s;1.325s;-1,3.855s;16.394s;22.92s;-1,13516803;383407389;603289352;-1
299,0.01s;0.375s;0.614s;0.878s;-1,4.353s;12.798s;17.05s;24.322s;-1,13387022;331724499;497839408;663955117;-1
300,0.01s;0.91s;1.69s;-1,3.728s;16.453s;24.793s;-1,12643810;451430188;748789670;-1
301,0.011s;0.892s;1.628s;-1,4.5s;16.799s;24.934s;-1,14395881;432890221;693947663;-1
302,0.011s;0.356s;2.644s;4.795s,3.801s;11.279s;16.457s;22.089s,13066242;323434770;485392418;647350626
303,0.01s;0.527s;1.065s;-1,3.768s;16.094s;22.851s;-1,13099377;359264558;555054551;-1
304,0.011s;0.406s;0.685s;0.945s;-1,4.399s;14.139s;21.648s;28.213s;-1,14392997;358318991;537768273;717219875;-1
305,0.01s;0.388s;0.643s;3.779s;-1,3.966s;12.647s;18.484s;24.481s;-1,13810033;344288919;516718950;689149541;-1
306,0.01s;0.532s;1.151s;-1,3.858s;15.607s;20.579s;-1,13589705;367802040;568563963;-1
307,0.011s;0.407s;0.685s;-1,4.783s;14.867s;19.867s;-1,14393790;356724729;535336228;-1
308,0.01s;0.935s;-1,4.322s;18.777s;-1,13617645;479986016;-1
309,0.011s;0.531s;1.069s;1.477s;-1,4.299s;16.626s;22.438s;27.301s;-1,13438692;361569122;558926534;756285072;-1
310,0.01s;0.381s;0.628s;0.886s;-1,3.877s;13.444s;19.266s;24.459s;-1,13686578;345470030;518477826;691488299;-1
311,0.011s;1.269s;2.499s;-1,3.929s;17.056s;26.418s;-1,13714199;472729206;786545619;-1
312,0.01s;1.18s;-1,3.328s;17.771s;-1,12320024;524533784;-1
313,0.013s;0.374s;0.636s;0.895s;-1,4.383s;14.993s;18.634s;24.418s;-1,13714581;342608335;514183301;685779847;-1
314,0.012s;0.376s;0.631s;0.887s;-1,3.852s;11.979s;17.294s;23.146s;-1,13686756;342616999;514215360;685816513;-1
315,0.011s;3.324s;-1,4.17s;25.469s;-1,14258273;819127838;-1
316,0.011s;0.45s;0.816s;-1,4.104s;14.881s;22.49s;-1,14088506;360696377;548634857;-1
317,0.01s;1.09s;2.105s;-1,3.796s;16.631s;25.953s;-1,13481247;462724854;751947297;-1
318,0.01s;0.89s;1.632s;-1,3.875s;15.192s;22.34s;-1,13599444;421482097;674414835;-1
319,0.011s;0.583s;1.195s;-1,4.486s;17.165s;24.104s;-1,14936524;399432013;617451401;-1
320,0.01s;0.35s;0.591s;0.84s;-1,3.639s;11.276s;16.428s;21.931s;-1,12924927;325678022;488810635;651946048;-1
321,0.011s;0.511s;0.814s;-1,4.196s;15.584s;21.7s;-1,14188757;362422338;551274163;-1
322,0.011s;2.166s;-1,4.145s;20.381s;-1,14102227;621218704;-1
323,0.01s;0.705s;1.345s;-1,3.955s;15.466s;22.168s;-1,13913669;395854720;622809750;-1
324,0.01s;0.402s;0.677s;0.974s;-1,5.117s;14.325s;20.117s;27.558s;-1,15013315;372303885;558707871;745113657;-1
325,0.011s;0.405s;0.666s;0.94s;-1,3.995s;13.087s;18.903s;25.751s;-1,13943219;358929565;538680642;718440679;-1
326,0.01s;0.386s;0.641s;0.906s;-1,4.075s;12.34s;19.793s;24.008s;-1,13885315;343602092;515653252;687704412;-1
327,0.011s;0.385s;0.64s;-1,4.009s;12.4s;17.658s;-1,13785702;342446871;513922107;-1
328,0.011s;0.371s;0.617s;3.7s;-1,3.869s;11.688s;17.091s;23.27s;-1,13388933;334182415;501526213;668872721;-1
329,0.011s;1.255s;2.471s;-1,3.759s;16.762s;24.731s;-1,13102785;465807083;772846180;-1
330,0.011s;0.562s;1.143s;-1,4.46s;16.654s;23.429s;-1,14731844;400026954;618105439;-1
331,0.012s;0.41s;0.679s;0.955s;-1,4.43s;13.726s;19.574s;25.8s;-1,14626296;365766847;548904356;732041865;-1
332,0.011s;0.463s;0.856s;-1,4.578s;15.846s;22.743s;-1,14808760;381971287;580905448;-1
333,0.01s;0.361s;0.593s;3.615s,3.745s;11.543s;16.418s;21.808s,13190472;327569539;491633958;655698937
334,0.011s;0.725s;1.398s;-1,4.148s;16.646s;22.901s;-1,14225681;423162196;664434083;-1
335,0.011s;1.15s;-1,4.605s;18.425s;-1,14919951;488160693;-1
336,0.011s;0.453s;0.836s;-1,4.255s;15.222s;21.681s;-1,14392233;367434619;558894033;-1
337,0.011s;1.848s;-1,3.852s;19.013s;-1,13400322;565578536;-1
338,0.011s;1.593s;-1,4.188s;18.654s;-1,14296492;530260904;-1
339,0.011s;0.559s;1.139s;-1,4.332s;15.946s;22.755s;-1,14522611;391345776;604846889;-1
340,0.01s;0.871s;1.59s;-1,3.86s;15.361s;22.927s;-1,13496069;413541069;662223325;-1
341,0.01s;0.868s;1.573s;-1,3.937s;15.195s;22.066s;-1,13491003;408556102;654753995;-1
342,0.01s;0.663s;1.323s;-1,3.717s;15.473s;22.755s;-1,13443204;397379393;624310980;-1
343,0.01s;0.424s;0.752s;1.16s;-1,3.764s;13.18s;18.636s;24.843s;-1,13095655;336940280;512503729;688068022;-1
344,0.011s;0.959s;1.75s;-1,4.635s;17.374s;25.705s;-1,15016444;452040876;724518033;-1
345,0.011s;0.491s;0.847s;-1,4.285s;15.155s;21.133s;-1,14396600;368762555;560887640;-1
346,0.011s;0.388s;0.653s;0.917s;-1,4.078s;12.826s;18.24s;23.937s;-1,13909016;346357344;519792514;693227684;-1
347,0.01s;1.358s;-1,4.24s;18.575s;-1,14374494;504452457;-1
348,0.01s;0.439s;0.784s;1.201s;-1,3.781s;14.027s;19.276s;26s;-1,13317573;349356930;531320357;713284418;-1
349,0.01s;0.415s;0.779s;1.162s;-1,3.897s;13.769s;19.66s;26.788s;-1,13584816;347358102;528376689;709395836;-1
350,0.011s;0.397s;0.759s;0.931s;-1,4.17s;13.015s;19.579s;24.66s;-1,14290388;353515625;530523963;707532301;-1
351,0.01s;0.548s;1.117s;-1,4.118s;15.963s;22.734s;-1,14196901;391157630;604257214;-1
352,0.01s;0.462s;0.844s;-1,4.437s;15.45s;21.703s;-1,14597708;371971535;565802681;-1
353,0.01s;-1,4.085s;-1,13984851;-1
354,0.01s;1.604s;-1,4.027s;18.245s;-1,13728996;566341420;-1
355,0.01s;0.383s;0.639s;-1,4.024s;12.232s;18.727s;-1,13785809;343439220;515411216;-1
356,0.011s;0.941s;1.731s;-1,4.387s;17.572s;25.418s;-1,14706797;447167849;716264566;-1
358,0.01s;1.764s;-1,3.847s;18.707s;-1,13496882;554372598;-1
359,0.011s;0.952s;1.718s;-1,4.379s;17.223s;24.937s;-1,14524735;441134654;706764173;-1
360,0.011s;1.123s;2.19s;-1,4.372s;17.974s;26.595s;-1,14607236;471481188;769769095;-1
361,0.01s;0.434s;0.804s;1.23s;-1,3.998s;14.184s;19.851s;27.074s;-1,13789175;357251509;543317804;729387922;-1
362,0.01s;0.391s;0.653s;0.937s;-1,4.117s;13.085s;18.545s;24.682s;-1,14164005;356829406;535511220;714195151;-1
363,0.011s;0.916s;1.639s;-1,3.891s;15.365s;22.877s;-1,13561657;404019087;648095068;-1
364,0.01s;0.43s;0.779s;1.202s;-1,3.807s;14.463s;18.891s;25.479s;-1,13291770;343498445;522525449;701553076;-1
365,0.011s;0.421s;0.683s;-1,4.382s;13.667s;19.456s;-1,14600032;364939283;547662733;-1
366,0.011s;0.401s;0.664s;0.945s;-1,4.376s;13.623s;20.532s;25.707s;-1,14598873;364498487;547037428;729577489;-1
367,0.011s;0.457s;0.828s;-1,4.503s;15.869s;22.153s;-1,14778017;375171532;570652426;-1
368,0.011s;0.556s;1.152s;-1,4.473s;15.916s;22.778s;-1,14468816;384758250;594813284;-1
369,0.011s;0.513s;1.07s;-1,4.243s;15.295s;21.768s;-1,14165933;376421019;581939381;-1
370,0.01s;0.521s;1.071s;-1,3.971s;14.541s;20.739s;-1,13688204;367385391;567898232;-1
371,0.01s;0.549s;1.109s;-1,4.12s;15.127s;21.48s;-1,13991639;377653363;583633934;-1
372,0.011s;0.55s;1.109s;-1,4.268s;16.061s;22.833s;-1,14397480;391989602;605636018;-1
373,0.011s;1.532s;-1,4.017s;18.084s;-1,13795086;512047376;-1
374,0.01s;1.06s;2.032s;-1,3.802s;15.919s;23.378s;-1,13277098;449861386;731856694;-1
375,0.01s;0.428s;0.785s;1.212s;-1,3.967s;13.958s;19.761s;27.276s;-1,13687419;352299684;535840400;719385202;-1
376,0.01s;0.511s;1.026s;-1,3.875s;14.495s;20.521s;-1,13516764;366255371;565993744;-1
377,0.011s;0.45s;0.821s;-1,4.687s;14.693s;20.83s;-1,13840974;367243366;558389666;-1
378,0.01s;1.113s;2.176s;-1,3.679s;16.85s;25.872s;-1,13206553;485599650;802973551;-1
379,0.01s;0.36s;0.593s;0.836s;1.125s;-1,3.653s;11.848s;16.234s;21.447s;27.548s;-1,12995289;322362802;483795492;645228182;806660872;-1
380,0.01s;0.448s;0.813s;-1,4.391s;15.217s;21.633s;-1,14498656;372777822;566963458;-1
382,0.009s;0.468s;1.116s;-1,3.839s;14.851s;20.496s;-1,13247437;366219167;565759415;-1
383,0.011s;0.917s;1.685s;-1,4.239s;21.283s;26.094s;-1,13915196;423083818;677786607;-1
384,0.012s;0.395s;0.685s;0.929s;-1,4.653s;15.024s;21.108s;28.117s;-1,13811150;344972899;517726186;690494593;-1
385,0.01s;0.875s;1.592s;-1,4.079s;16.827s;25.534s;-1,13242527;399159159;639958832;-1
386,0.011s;1.377s;-1,4.845s;20.544s;-1,14713801;520384834;-1
387,0.011s;0.75s;-1,5.507s;21.768s;-1,14602855;417945286;-1
388,0.011s;0.859s;1.577s;-1,4.255s;17.343s;25.203s;-1,13266360;395296728;634129034;-1
389,0.012s;1.193s;2.252s;-1,4.604s;15.48s;23.623s;-1,13589863;338261320;507645382;-1
390,0.011s;1.131s;-1,4.554s;24.233s;-1,13816427;448654417;-1
391,0.011s;1.943s;-1,4.517s;22.344s;-1,13897201;580802359;-1
392,0.011s;0.41s;0.687s;0.93s;-1,4.849s;19.983s;22.115s;24.896s;-1,14291326;353782611;530926130;708070449;-1
393,0.01s;0.52s;1.113s;-1,3.941s;15.021s;21.382s;-1,13888814;371763824;574687320;-1
394,0.011s;0.619s;1.293s;-1,5.291s;18.929s;24.766s;-1,15118888;437468556;674687794;-1
395,0.012s;0.409s;0.672s;0.962s;-1,4.689s;14.405s;22.143s;25.782s;-1,14831816;371560331;557636417;743715174;-1
396,0.011s;0.93s;1.79s;-1,4.254s;17.302s;26.617s;-1,14399360;437248660;700468313;-1
397,0.012s;0.957s;1.706s;-1,4.534s;17.063s;25.437s;-1,14810909;452825765;725172924;-1
398,0.011s;0.535s;1.103s;-1,3.976s;15.926s;23.169s;-1,14051247;378746293;585435061;-1
399,0.01s;0.357s;0.591s;-1,3.614s;11.505s;17.219s;-1,12842603;325446286;488435877;-1
400,0.011s;0.619s;1.391s;-1,4.045s;15.514s;24.806s;-1,14006163;398461076;626852760;-1
401,0.011s;0.39s;0.668s;0.907s;-1,4.095s;14.704s;19.302s;23.931s;-1,14003958;349534092;524565272;699601977;-1
402,0.01s;0.421s;0.75s;1.177s;-1,3.786s;13.893s;19.744s;26.918s;-1,13108771;337679637;513639385;689599761;-1
403,0.009s;0.396s;0.663s;-1,4.052s;13.611s;18.314s;-1,14041257;349633763;524719615;-1
404,0.011s;1.847s;-1,4.146s;22.547s;-1,13299669;563439434;-1
405,0.011s;0.398s;0.676s;0.942s;-1,4.38s;13.061s;21.777s;25.981s;-1,14442992;357826103;537010050;716193997;-1
406,0.01s;0.434s;0.778s;1.203s;-1,4.493s;13.48s;19.245s;26.146s;-1,13570657;349804596;532086920;714375074;-1
407,0.011s;0.464s;0.843s;-1,4.165s;14.728s;22.506s;-1,14255570;381000851;579219034;-1
408,0.01s;0.353s;0.595s;0.846s;-1,3.77s;12.541s;18.184s;23.539s;-1,13141307;328418220;492898342;657379024;-1
409,0.01s;0.37s;0.623s;0.861s;-1,3.745s;11.579s;17.925s;23.096s;-1,13361415;334358180;501812568;669267156;-1
410,0.01s;0.379s;0.684s;-1,3.985s;12.042s;22.449s;-1,13836223;343553584;515601535;-1
411,0.01s;0.371s;0.591s;0.847s;1.157s;-1,3.727s;13.051s;17.954s;25.962s;27.089s;-1,12952109;326651532;490246685;653842012;817437513;-1
412,0.011s;0.388s;0.687s;0.926s;-1,4.606s;16.018s;20.032s;27.452s;-1,13935706;345728302;518860872;691993442;-1
413,0.011s;0.81s;1.433s;-1,4.72s;20.409s;25.565s;-1,14865024;425003076;668454143;-1
414,0.012s;0.962s;1.741s;-1,4.387s;19.222s;24.416s;-1,14354923;447535651;716003305;-1
415,0.011s;0.708s;1.328s;-1,4.058s;16.87s;24.582s;-1,13565458;386320372;607857796;-1
416,0.01s;0.355s;0.58s;0.843s;-1,3.559s;11.093s;16.113s;24.634s;-1,12974942;327458322;491491868;655528362;-1
417,0.01s;0.52s;1.031s;-1,3.816s;16.417s;20.06s;-1,13100109;362296596;559740224;-1
418,0.01s;1.988s;-1,4.228s;20.125s;-1,14462506;618681016;-1
419,0.011s;0.381s;0.614s;0.858s;-1,4.228s;13.683s;17.157s;21.93s;-1,13337370;331417280;497397172;663378864;-1
420,0.011s;0.404s;0.663s;0.943s;-1,4.261s;13.61s;19.157s;25.417s;-1,14649199;363547697;545606866;727666035;-1
421,0.01s;0.435s;0.783s;1.198s;-1,4.065s;13.548s;19.048s;25.591s;-1,13637238;349983016;532383294;714784132;-1
422,0.011s;0.532s;1.06s;-1,4.353s;15.214s;22.804s;-1,13345912;371813888;574350848;-1
423,0.011s;0.563s;1.086s;-1,4.502s;17.147s;25.001s;-1,13841009;375956559;580985942;-1
424,0.011s;0.373s;0.589s;0.934s;-1,4.144s;12.351s;17.923s;22.343s;-1,13045615;327590132;491683495;655777892;-1
425,0.01s;1.101s;-1,4.133s;17.968s;-1,13947960;450835376;-1
426,0.011s;0.436s;0.788s;-1,3.963s;14.541s;20.012s;-1,13538920;349273607;531268786;-1
427,0.011s;1.273s;-1,4.506s;20.371s;-1,14178547;555680806;-1
428,0.01s;1.459s;2.919s;-1,3.595s;16.368s;25.228s;-1,12965444;517682710;869988511;-1
429,0.011s;0.456s;0.823s;-1,4.094s;18.937s;24.534s;-1,14141007;365147979;555382339;-1
430,0.011s;0.781s;-1,4.563s;20.693s;-1,14551010;412166652;-1
431,0.011s;0.401s;0.667s;-1,5.088s;17.558s;24.074s;-1,14650889;363051312;544848133;-1
432,0.011s;0.551s;1.162s;-1,4.769s;18.154s;27.871s;-1,14344237;383939736;593550804;-1
433,0.011s;1.507s;-1,4.711s;25.589s;-1,13153263;490805657;-1
434,0.011s;0.478s;0.817s;-1,4.374s;17.009s;26.529s;-1,13737936;353943965;538374293;-1
435,0.011s;0.517s;1.039s;-1,3.948s;15.206s;23.781s;-1,13022635;357590690;552599477;-1
436,0.01s;0.37s;0.623s;-1,4.264s;13.716s;20.712s;-1,13340000;333607076;500681578;-1
437,0.011s;0.499s;-1,4.759s;25.401s;-1,14424141;382706606;-1
438,0.012s;0.389s;0.65s;-1,4.546s;16.078s;21.959s;-1,13659421;341013962;511796190;-1
439,0.011s;0.454s;0.812s;-1,4.611s;17.98s;23.246s;-1,13561040;349853364;532193144;-1
440,0.011s;0.478s;-1,5.013s;20.492s;-1,14855971;380589311;-1
441,0.011s;0.43s;0.776s;-1,4.402s;15.431s;21.063s;-1,13221076;351552225;534625997;-1
442,0.011s;1.273s;-1,3.99s;17.611s;-1,13444758;470079586;-1
443,0.012s;0.424s;0.685s;-1,4.667s;14.699s;21.818s;-1,14777767;367551110;551602612;-1
444,0.011s;0.4s;0.674s;0.9s;-1,4.369s;14.995s;20.931s;27.88s;-1,13849839;343336777;515267233;642606188;-1
445,0.011s;-1,4.396s;-1,14326903;-1
446,0.012s;0.389s;0.651s;0.929s;-1,4.298s;13.55s;19.608s;28.278s;-1,14215487;358439914;537946185;717453576;-1
447,0.011s;0.899s;1.617s;-1,4.329s;16.344s;23.99s;-1,13739984;416311706;667272196;-1
448,0.01s;0.834s;1.534s;-1,3.802s;20.974s;22.184s;-1,13048645;397411592;636970372;-1
449,0.012s;0.461s;0.655s;0.913s;-1,7.468s;25.914s;19.675s;26.053s;-1,14095899;349438632;524405973;699373398;-1
450,0.011s;0.493s;0.985s;1.421s;-1,3.765s;13.949s;19.862s;27.35s;-1,12792168;348442598;538631306;728820014;-1
451,0.011s;0.404s;0.659s;0.934s;-1,4.4s;13.68s;19.963s;26.896s;-1,14252602;359814574;540021884;720229194;-1
452,0.011s;0.546s;-1,4.249s;23.569s;-1,13971041;361515809;-1
453,0.012s;0.406s;-1,5.741s;20.972s;-1,12859198;322392092;-1
455,0.012s;0.517s;-1,6.086s;25.305s;-1,13525869;356485418;-1
456,0.012s;0.625s;-1,6.201s;27.145s;-1,13676736;370294198;-1
457,0.012s;0.414s;0.688s;-1,6.613s;16.716s;25.071s;-1,14607764;368819264;553542178;-1
458,0.01s;0.371s;0.617s;0.834s;-1,4.079s;13.57s;22.638s;25.964s;-1,13055448;328537140;493104387;657673371;-1
459,0.011s;0.404s;0.657s;-1,4.606s;16.157s;23.563s;-1,13848417;348085821;522428627;-1
460,0.011s;0.407s;0.661s;-1,4.489s;19.611s;21.124s;-1,14058098;352448440;528970042;-1
461,0.011s;0.415s;-1,4.987s;16.238s;-1,14659940;366627338;-1
462,0.011s;0.382s;0.646s;-1,4.806s;15.732s;21.949s;-1,13545908;339874739;510110638;-1
463,0.011s;-1,5.29s;-1,14868447;-1
464,0.011s;0.395s;0.651s;-1,4.549s;15.817s;23.554s;-1,13868936;348315776;522779120;-1
465,0.011s;0.554s;1.094s;-1,4.411s;18.608s;26.025s;-1,13652637;373036495;576526625;-1
466,0.01s;0.514s;1.017s;-1,4.129s;14.905s;21.227s;-1,12799455;358773811;554182421;-1
467,0.011s;0.419s;0.679s;-1,4.602s;15.006s;21.828s;-1,14558047;363184782;545077064;-1
468,0.011s;0.788s;-1,4.644s;19.365s;-1,14626826;475806617;-1
469,0.01s;0.898s;1.638s;-1,4.119s;17.093s;25.738s;-1,13541645;413098507;661694783;-1
470,0.01s;-1,3.857s;-1,12993682;-1
471,0.01s;0.514s;1.095s;-1,4.65s;18.099s;24.656s;-1,14395490;385823835;596357702;-1
472,0.01s;-1,4.169s;-1,13685283;-1
473,0.012s;0.446s;0.808s;-1,4.365s;15.596s;24.802s;-1,13789553;354574315;539302317;-1
474,0.01s;-1,4.471s;-1,13884570;-1
475,0.011s;0.527s;1.074s;-1,4.192s;16.864s;22.77s;-1,13488960;361491656;558804823;-1
476,0.01s;0.418s;0.773s;-1,3.775s;14.186s;20.428s;-1,12922704;332389511;505602118;-1
477,0.011s;-1,4.34s;-1,13517863;-1
479,0.011s;0.552s;-1,5.01s;23.682s;-1,14087920;374667175;-1
480,0.011s;1.779s;-1,4.616s;24.199s;-1,13850534;657308268;-1
481,0.011s;0.702s;-1,4.38s;18.808s;-1,13291121;374320693;-1
482,0.01s;0.372s;0.61s;-1,3.928s;12.781s;18.236s;-1,13022379;332756546;499420171;-1
483,0.011s;0.456s;0.817s;-1,4.232s;16.572s;23.436s;-1,14040101;361518931;549860800;-1
484,0.011s;0.745s;1.463s;-1,4.368s;18.8s;27.195s;-1,14209681;399057915;628074794;-1
485,0.012s;1.775s;-1,4.111s;19.626s;-1,13650339;565771030;-1
486,0.01s;1.484s,4.827s;16.35s,14909213;369822310
487,0.01s;0.4s;-1,4.212s;16.027s;-1,13910689;354835350;-1
488,0.011s;0.568s;1.172s;-1,5.214s;20.122s;26.892s;-1,14625592;390327435;603390102;-1
489,0.01s;-1,4.203s;-1,13986281;-1
490,0.011s;1.44s;-1,4.031s;18.936s;-1,13730303;590723749;-1
491,0.011s;-1,4.479s;-1,14469620;-1
492,0.011s;1.778s;-1,5.463s;23.306s;-1,14114459;398198855;-1
493,0.01s;1.49s;2.916s;-1,4.103s;15.712s;25.243s;-1,13614515;371571949;574082289;-1
494,0.011s;1.395s;2.605s;-1,4.917s;17.654s;23.177s;-1,13890736;356142434;541705643;-1
495,0.01s;0.462s;0.849s;-1,4.675s;18.427s;28.632s;-1,14317286;366505713;557471180;-1
496,0.011s;1.62s,5.865s;18.328s,14520004;388436779
497,0.011s;-1,4.636s;-1,14418353;-1
498,0.012s;0.613s;1.183s;-1,5.729s;23.102s;24.653s;-1,15014613;400182072;618705621;-1
499,0.011s;0.423s;-1,5.034s;16.299s;-1,15015702;373608973;-1
500,0.011s;0.422s;0.761s;1.157s;-1,3.801s;14.97s;20.023s;25.243s;-1,12878122;340601600;517955983;695310366;-1
501,0.01s;0.443s;-1,4.302s;16.508s;-1,14136840;363761697;-1
502,0.011s;0.398s;0.656s;0.941s;-1,4.228s;13.512s;23.518s;27.607s;-1,14166220;357058993;535852329;714645665;-1
503,0.011s;2.206s,4.537s;17.328s,14013957;395951361
504,0.01s;2.668s;-1,4.21s;22.491s;-1,13887720;867022893;-1
505,0.01s;2.309s;-1,3.452s;19.301s;-1,12571731;629266428;-1
506,0.011s;1.993s;-1,4.062s;20.985s;-1,13579315;713903608;-1
507,0.01s;1.238s,3.838s;12.827s,13386605;331723096
508,-1,-1,-1
509,0.011s;0.404s;0.663s;0.927s;-1,4.251s;12.962s;18.156s;25.954s;-1,14392867;356724050;535336876;713949702;-1
510,0.011s;1.962s;-1,3.791s;20.556s;-1,13225113;704893290;-1
511,0.01s;0.422s;0.738s;1.134s;-1,4.19s;14.752s;18.992s;25.374s;-1,13019434;335026102;509605644;684185186;-1
512,0.012s;-1,4.33s;-1,14391305;-1
513,0.013s;1.209s;-1,4.5s;19.539s;-1,13860909;545894282;-1
514,0.011s;0.444s;0.788s;-1,3.954s;15.354s;24.839s;-1,13596424;347474748;528546735;-1
515,0.011s;0.395s;0.649s;0.912s;-1,4.446s;14.144s;21.097s;24.208s;-1,14393699;357240251;536121612;715018618;-1
516,0.01s;0.668s;1.288s;-1,3.71s;15.47s;22.296s;-1,13443004;384118468;604249122;-1
517,0.011s;0.679s;1.327s;-1,3.811s;14.814s;21.484s;-1,13719297;387339902;609560523;-1
518,0.011s;0.384s;0.634s;0.898s;-1,3.963s;12.097s;17.511s;23.336s;-1,13885777;345106532;517912283;690719834;-1
519,0.01s;1.803s;3.861s,3.176s;13.724s;20.882s,12311578;389293023;622498807
520,0.01s;1.459s;2.861s,3.848s;14.635s;20.383s,13711814;366660631;566830885
521,0.011s;0.437s;0.788s;1.209s;-1,3.842s;13.898s;19.252s;25.944s;-1,13621720;349226306;531195716;713166450;-1
522,0.011s;0.97s;1.77s;-1,4.051s;16.445s;24.206s;-1,14122471;499157068;792427960;-1
523,0.011s;-1,4.07s;-1,14087187;-1
524,0.01s;-1,4.081s;-1,14290947;-1
525,0.011s;0.434s;0.793s;-1,3.986s;13.995s;21.442s;-1,13588687;347128868;528031622;-1
526,0.011s;0.414s;0.722s;-1,4.753s;15.185s;25.029s;-1,14932619;370588716;556139909;-1
527,0.01s;0.999s;1.93s;-1,3.697s;15.484s;23.075s;-1,12930183;420804890;686825199;-1
528,0.01s;1.046s;1.87s;-1,4.216s;18.201s;26.218s;-1,14557987;517547272;821281305;-1
529,0.011s;2.002s;3.677s;-1,4.147s;16.238s;23.356s;-1,14091850;423846167;679455586;-1
530,0.011s;0.389s;0.633s;0.881s;-1,4.323s;13.31s;19.381s;23.999s;-1,13915783;351937220;528164856;704398224;-1
531,0.011s;0.624s;1.276s;-1,4.609s;17.334s;24.448s;-1,15044390;440767157;679479498;-1
532,0.011s;1.304s,4.006s;12.789s,13939950;354868494
533,0.011s;1.321s;3.083s,4.021s;14.145s;20.034s,13885806;355745166;541109931
534,0.011s;0.383s;0.633s;0.889s;-1,4.02s;12.266s;18.3s;23.188s;-1,13786145;341518397;512528263;683538129;-1
535,0.01s;0.36s;0.586s;0.843s;-1,3.696s;11.238s;16.372s;21.796s;-1,13094663;326138946;489470887;652817948;-1
536,0.011s;-1,4.322s;-1,14804619;-1
537,0.01s;1.353s;-1,3.645s;16.426s;-1,13245397;583933209;-1
538,0.011s;0.572s;1.153s;-1,4.39s;16.916s;24.839s;-1,14805961;393031862;607646246;-1
539,0.011s;0.467s;0.837s;-1,4.527s;16.55s;24.675s;-1,14393449;366689346;557775138;-1
540,0.011s;-1,4.06s;-1,14290054;-1
541,0.01s;0.433s;0.773s;1.182s;-1,3.881s;14.915s;21.279s;25.942s;-1,13316104;342079603;520332065;698585152;-1
542,0.011s;0.413s;0.674s;-1,4.889s;14.372s;21.31s;-1,14522891;362252672;543634891;-1
543,0.013s;0.528s;1.065s;1.509s;-1,3.763s;14.339s;22.438s;27.095s;-1,13491306;360303585;557025238;753752077;-1
544,0.01s;-1,3.914s;-1,13486340;-1
545,0.01s;1.752s,3.832s;15.924s,13439706;362869308
546,0.01s;0.422s;0.739s;1.152s;-1,3.808s;12.858s;18.255s;24.103s;-1,13094268;334769712;509247394;683725076;-1
547,0.011s;0.42s;0.683s;0.97s;-1,4.449s;14.141s;19.609s;26.168s;-1,15009943;370476480;555965906;741455332;-1
548,0.011s;0.557s;1.106s;-1,4.197s;15.628s;21.958s;-1,14395227;385555344;595952165;-1
549,0.011s;0.389s;0.648s;0.897s;-1,3.954s;12.262s;17.701s;23.996s;-1,13908288;346343548;519772254;693200960;-1
550,0.011s;0.737s;1.395s;-1,4.07s;16.166s;23.925s;-1,14368658;410297431;645424294;-1
551,0.011s;0.672s;1.304s;-1,3.593s;14.695s;22.819s;-1,13324207;385214798;605627834;-1
552,0.011s;-1,3.778s;-1,13583255;-1
553,0.011s;0.407s;0.672s;0.934s;-1,4.25s;13.83s;19.2s;25.449s;-1,14602960;362207472;543572051;724951930;-1
554,0.011s;1.233s;2.293s;-1,4.023s;17.56s;25.623s;-1,14049859;571381442;917060814;-1
555,0.01s;0.438s;0.788s;1.2s;-1,3.879s;13.775s;19.318s;26.359s;-1,13683866;349544131;531705745;713867359;-1
556,0.011s;-1,3.896s;-1,13785013;-1
557,-1,-1,-1
558,0.011s;1.244s;2.42s;-1,3.83s;16.683s;25.078s;-1,13494792;473942225;787173370;-1
559,0.011s;2.089s;-1,4.547s;21.495s;-1,14601277;769313170;-1
560,0.011s;-1,4.256s;-1,14600810;-1
561,0.011s;1.753s,3.922s;13.994s,4742404;353816592
562,0.011s;1.997s;4.338s,4.067s;16.56s;24.068s,14166320;430523557;689703193
563,0.011s;0.422s;0.766s;-1,3.834s;13.621s;19.286s;-1,13559234;345541488;525601687;-1
564,0.01s;1.28s;2.43s;-1,3.75s;13.289s;18.982s;-1,13293338;345516793;525468549;-1
565,0.011s;0.463s;0.847s;-1,4.313s;15.227s;21.4s;-1,14599370;374296476;569290245;-1
566,0.01s;-1,4.238s;-1,14612234;-1
567,0.011s;1.686s;4.101s;-1,4.503s;16.652s;23.221s;-1,14782398;393055365;607605113;-1
568,0.011s;0.462s;0.843s;-1,4.243s;14.99s;21.608s;-1,14468469;368090787;559876950;-1
569,0.011s;1.307s;2.497s,3.87s;13.918s;19.486s,13685585;350316086;532863884
570,0.011s;1.417s;-1,3.831s;18.252s;-1,13799934;610331001;-1
572,0.01s;0.395s;0.655s;0.916s;-1,4.123s;12.81s;18.441s;24.445s;-1,14393725;357487552;536485772;715489535;-1
573,0.011s;0.445s;0.798s;1.216s;-1,3.902s;13.829s;19.68s;25.985s;-1,13784680;351756195;535073450;718390705;-1
574,0.01s;0.369s;0.61s;0.859s;-1,3.709s;11.431s;16.587s;22.309s;-1,13263274;333643175;500731412;667819649;-1
575,0.01s;0.436s;0.789s;-1,3.945s;13.849s;19.544s;-1,13684614;349557441;531725166;-1
576,0.01s;0.384s;0.621s;0.889s;-1,4.545s;12.873s;18.771s;24.345s;-1,13511548;338038605;507314723;676591834;-1
577,0.01s;-1,4.392s;-1,14160299;-1
578,0.011s;1.322s;-1,4.468s;20.71s;-1,13848051;490969022;-1
579,0.01s;-1,3.702s;-1,13196456;-1
580,0.01s;0.373s;0.588s;0.831s;-1,4.086s;12.261s;17.411s;24.57s;-1,12996517;323804607;485969057;648148627;-1
581,0.01s;-1,4.529s;-1,14494111;-1
582,0.01s;-1,4.104s;-1,13243360;-1
584,0.011s;1.224s;4.383s,3.962s;13.971s;19.227s,13818753;343511968;515533531
585,0.01s;-1,4.075s;-1,13239622;-1
586,0.012s;1.476s;-1,5.09s;22.099s;-1,14759906;631388253;-1
587,0.01s;0.473s;0.861s;-1,4.526s;16.219s;25.909s;-1,15013230;382445522;581719804;-1
588,0.01s;0.366s;2.705s;4.459s;-1,3.79s;13.09s;18.133s;22.773s;-1,13265794;328624067;493165756;657714913;-1
589,0.01s;0.725s;1.349s;-1,4.073s;16.913s;24.275s;-1,13814361;395502362;622092282;-1
590,0.01s;0.721s;1.632s;-1,4.348s;16.537s;26.393s;-1,13890941;419038753;671645235;-1
591,0.01s;0.391s;0.635s;0.893s;-1,4.446s;14.25s;20.658s;23.001s;-1,13640720;338798036;508490047;678280350;-1
592,0.011s;0.844s;1.451s;-1,4.187s;17.502s;22.992s;-1,13747973;444335778;695095119;-1
593,0.01s;0.385s;0.771s;0.899s;-1,3.962s;12.546s;17.925s;24.86s;-1,13882942;343832082;516000432;688168782;-1
594,0.011s;0.413s;0.704s;0.971s;-1,4.563s;14.428s;20.927s;27.549s;-1,14828406;367846452;552026425;736206398;-1
595,0.01s;1.834s,4.211s;13.625s,14391977;357229363
596,0.01s;2.157s;-1,4.406s;22.516s;-1,14872944;765293519;-1
597,0.009s;-1,3.514s;-1,12913236;-1
598,0.01s;0.372s;0.593s;0.853s;1.138s;-1,3.462s;11.446s;15.818s;21.446s;27.312s;-1,12845213;324762586;487408647;650056449;812706832;-1
599,0.011s;0.702s;1.356s;-1,3.931s;15.255s;21.63s;-1,14003412;395956089;623094110;-1
600,0.01s;0.507s;1.019s;1.474s;-1,3.623s;13.819s;19.392s;27.012s;-1,13112840;351926963;544043089;736159843;-1
601,0.011s;0.382s;0.628s;0.886s;-1,3.871s;12.708s;18.38s;25.748s;-1,13677482;340054025;510347676;680656447;-1
602,0.01s;0.44s;0.831s;-1,3.99s;14.193s;22.005s;-1,4838912;359128902;546302930;-1
603,0.011s;-1,3.854s;-1,13264252;-1
604,0.011s;1.113s;2.148s;-1,4.581s;18.276s;26.567s;-1,14249729;460450647;751967651;-1
605,0.011s;0.418s;0.751s;1.162s;-1,4.03s;13.926s;19.806s;25.669s;-1,13140978;337097800;512808188;688518576;-1
606,0.01s;-1,3.835s;-1,13361251;-1
607,0.01s;2.364s;-1,4.149s;22.137s;-1,14309505;801997279;-1
608,0.01s;0.657s;1.262s;-1,3.801s;14.911s;21.588s;-1,12949958;366567760;576998517;-1
609,0.011s;0.399s;0.671s;0.913s;-1,4.018s;12.692s;19.311s;24.458s;-1,13936061;347211462;521085808;694960253;-1
610,0.01s;0.564s;1.122s;-1,4.249s;16.913s;24.668s;-1,14342269;382919378;592018172;-1
611,0.011s;0.45s;0.788s;1.197s;-1,3.813s;15.188s;21.879s;26.167s;-1,13560414;348786977;530560461;712333945;-1
612,0.01s;1.716s;3.638s;-1,4.143s;16.436s;22.583s;-1,14445630;405817003;638853205;-1
613,0.011s;1.316s;-1,4.101s;19.103s;-1,14195504;498070672;-1
614,0.011s;0.428s;0.765s;-1,4.066s;13.979s;20.954s;-1,13339985;342228132;520599717;-1
615,0.01s;0.574s;1.157s;-1,4.039s;15.404s;21.907s;-1,13654463;397572261;613168664;-1
616,0.011s;0.44s;0.798s;-1,3.994s;14.202s;21.172s;-1,13634692;349235858;531261595;-1
617,0.011s;0.742s;1.421s;-1,4.51s;17.476s;25.265s;-1,14659914;411130565;647226061;-1
618,0.01s;0.69s;1.377s;-1,4.262s;16.148s;25.069s;-1,13641174;384489301;605251121;-1
619,0.01s;-1,3.91s;-1,13339800;-1
620,0.011s;1.881s;-1,4.051s;20.965s;-1,13849790;341917539;-1
621,0.01s;0.415s;0.746s;1.141s;-1,3.972s;13.867s;21.013s;26.658s;-1,13044341;334466217;508810926;683156260;-1
622,0.01s;-1,4.553s;-1,13939397;-1
623,0.011s;0.376s;0.62s;0.873s;-1,3.906s;16.535s;18.35s;25.476s;-1,13534782;336121035;504452866;672784697;-1
624,0.01s;-1,4.261s;-1,14138627;-1
625,0.012s;0.423s;0.736s;1.151s;-1,3.605s;13.38s;19.446s;26.346s;-1,12947337;332046140;505132567;678218994;-1
626,0.01s;1.734s;3.269s;-1,4.309s;17.242s;23.092s;-1,14140200;398574558;627381189;-1
627,0.01s;3.208s;-1,4.298s;25.11s;-1,14633823;982439752;-1
628,0.01s;0.402s;0.663s;0.926s;-1,4.157s;12.722s;18.901s;25.084s;-1,14340298;355620706;533702639;711784572;-1
629,0.01s;-1,3.996s;-1,13141714;-1
630,0.011s;0.534s;2.937s;-1,4.077s;17.776s;23.529s;-1,13736862;367396819;568029960;-1
631,0.01s;0.434s;0.747s;1.173s;-1,3.693s;15.066s;18.931s;26.988s;-1,13023077;339182329;515901671;692621634;-1
632,0.01s;0.431s;0.766s;1.162s;-1,4.056s;14.07s;21.574s;26.243s;-1,13340209;341924253;520144988;698365723;-1
633,0.011s;1.253s;-1,4.141s;18.166s;-1,14459989;569340807;-1
634,0.01s;0.435s;2.722s;-1,3.965s;13.854s;20.289s;-1,13663088;353842050;538194569;-1
635,0.01s;0.437s;0.785s;1.199s;-1,3.881s;13.767s;19.599s;26.602s;-1,13560550;348786443;530559468;712332493;-1
636,0.01s;0.476s;0.901s;-1,4.454s;15.593s;22.768s;-1,14870173;379653566;577490721;-1
637,0.01s;0.58s;1.28s;-1,3.723s;14.393s;21.227s;-1,13220822;380810846;598923384;-1
638,0.01s;0.935s;1.698s;-1,3.832s;15.678s;25.494s;-1,4601730;475679317;755442595;-1
639,0.011s;-1,4.811s;-1,14776913;-1
640,0.01s;-1,4.022s;-1,13837735;-1
641,0.01s;1.678s;4.908s;-1,4.695s;17.113s;23.811s;-1,14318196;379856504;587352324;-1
642,0.011s;-1,4.715s;-1,14229907;-1
643,0.011s;-1,4.238s;-1,13824730;-1
